dataset,depth,width,activation,seed,method,budget,state_lr,state_lr_provenance,learning_rate,steps,train_acc,test_acc,train_mse,test_mse,test_ce,finite,wall_sec,resid_probe_budget,resid_init_T1,resid_init_min,resid_init_argmin,resid_init_final,T_res_init_tol0.03,T_res_init_tol0.01,T_res_init_tol0.003,resid_trained_T1,resid_trained_min,resid_trained_argmin,resid_trained_final,T_res_trained_tol0.03,T_res_trained_tol0.01,T_res_trained_tol0.003
mnist,128,32,relu,0,bp,0,0.24794634477999866,paper_frozen_table,0.0005,937,0.8334833333333334,0.8393,0.1857784269650777,0.18223948800563813,1.7869704988479613,True,5.18,,,,,,,,,,,,,,,
mnist,128,32,relu,0,pc,1,0.24794634477999866,paper_frozen_table,0.0005,937,0.2213,0.2333,0.45720747865041095,0.4516884895324707,2.243254170227051,True,6.37,,,,,,,,,,,,,,,
mnist,128,32,relu,0,pc,2,0.24794634477999866,paper_frozen_table,0.0005,937,0.23356666666666667,0.247,0.4517985200246175,0.4463745283126831,2.2394358390808105,True,6.23,,,,,,,,,,,,,,,
mnist,128,32,relu,0,pc,3,0.24794634477999866,paper_frozen_table,0.0005,937,0.24611666666666668,0.258,0.44675382731755575,0.4414096939086914,2.23566166305542,True,7.31,,,,,,,,,,,,,,,
mnist,128,32,relu,0,pc,4,0.24794634477999866,paper_frozen_table,0.0005,937,0.25955,0.2739,0.4421677050113678,0.43687832860946657,2.2319886726379394,True,9.48,,,,,,,,,,,,,,,
mnist,128,32,relu,0,pc,6,0.24794634477999866,paper_frozen_table,0.0005,937,0.28495,0.3021,0.4350745761235555,0.4298992745876312,2.2260177768707274,True,10.14,,,,,,,,,,,,,,,
mnist,128,32,relu,0,pc,8,0.24794634477999866,paper_frozen_table,0.0005,937,0.3017,0.3201,0.43092826522191363,0.4258095276832581,2.2222424507141114,True,12.25,,,,,,,,,,,,,,,
mnist,128,32,relu,0,pc,12,0.24794634477999866,paper_frozen_table,0.0005,937,0.32585,0.3439,0.42493460127512617,0.41984659662246704,2.2161875129699706,True,15.44,,,,,,,,,,,,,,,
mnist,128,32,relu,0,pc,16,0.24794634477999866,paper_frozen_table,0.0005,937,0.3453833333333333,0.365,0.4203233695189158,0.41523903255462646,2.211083092880249,True,17.67,,,,,,,,,,,,,,,
mnist,128,32,relu,0,pc,24,0.24794634477999866,paper_frozen_table,0.0005,937,0.3737,0.387,0.4130743052800496,0.40798360757827756,2.202297498321533,True,23.3,,,,,,,,,,,,,,,
mnist,128,32,relu,0,pc,32,0.24794634477999866,paper_frozen_table,0.0005,937,0.39343333333333336,0.4116,0.40744820432662965,0.4022954426765442,2.1947540603637696,True,30.02,,,,,,,,,,,,,,,
mnist,128,32,relu,0,pc,48,0.24794634477999866,paper_frozen_table,0.0005,937,0.4218,0.4371,0.39869400952657064,0.3934005062580109,2.1818433380126954,True,41.54,,,,,,,,,,,,,,,
mnist,128,32,relu,0,pc,64,0.24794634477999866,paper_frozen_table,0.0005,937,0.44456666666666667,0.4581,0.39205324036280315,0.38668232631683347,2.1714331970214844,True,54.44,,,,,,,,,,,,,,,
mnist,128,32,relu,0,pc,96,0.24794634477999866,paper_frozen_table,0.0005,937,0.47551666666666664,0.4878,0.3820414087772369,0.37666965699195865,2.1545588840484617,True,85.02,,,,,,,,,,,,,,,
mnist,128,32,relu,0,pc,128,0.24794634477999866,paper_frozen_table,0.0005,937,0.49748333333333333,0.5115,0.37453424673080443,0.36915407266616823,2.140989645385742,True,114.87,,,,,,,,,,,,,,,
mnist,128,32,relu,0,pc,192,0.24794634477999866,paper_frozen_table,0.0005,937,0.5268333333333334,0.5394,0.3632779426574707,0.3578269600391388,2.1195061836242677,True,174.56,,,,,,,,,,,,,,,
mnist,128,32,relu,0,pc,256,0.24794634477999866,paper_frozen_table,0.0005,937,0.5469666666666667,0.556,0.3549744143009186,0.3493937768936157,2.102494979095459,True,254.29,1024,0.0048160310834646225,0.0048160310834646225,1,0.012581556104123592,1,1,,0.0030254723969846964,0.0030254723969846964,1,0.0071793487295508385,1,1,
mnist,128,32,relu,0,pc,384,0.24794634477999866,paper_frozen_table,0.0005,937,0.57255,0.5831,0.34344620234171547,0.33766438422203066,2.0761339500427245,True,336.6,,,,,,,,,,,,,,,
mnist,128,32,relu,0,pc,512,0.24794634477999866,paper_frozen_table,0.0005,937,0.59135,0.6005,0.3355340948740641,0.3296428697109222,2.05582631149292,True,464.28,,,,,,,,,,,,,,,
mnist,128,32,relu,0,pc,768,0.24794634477999866,paper_frozen_table,0.0005,937,0.6158333333333333,0.6248,0.32612183928489685,0.3202242332458496,2.029871012878418,True,735.3,,,,,,,,,,,,,,,
mnist,128,32,relu,0,pc,1024,0.24794634477999866,paper_frozen_table,0.0005,937,0.6304666666666666,0.6392,0.32093324969609577,0.3154874873161316,2.0132777507781983,True,810.92,,,,,,,,,,,,,,,
mnist,128,32,relu,0,pc,1536,0.24794634477999866,paper_frozen_table,0.0005,937,0.6495,0.6549,0.31278975324630737,0.3078095407009125,1.9858444595336915,True,1134.73,,,,,,,,,,,,,,,
mnist,128,32,relu,0,pc,2048,0.24794634477999866,paper_frozen_table,0.0005,937,0.76335,0.7693,0.24862077840964,0.24388455295562744,1.8699993885040282,True,2493.56,,,,,,,,,,,,,,,
mnist,128,32,relu,0,pc,3072,0.24794634477999866,paper_frozen_table,0.0005,937,0.8011333333333334,0.8081,0.22303130017916362,0.21859013674259187,1.8207403585433959,True,3740.06,,,,,,,,,,,,,,,
mnist,128,32,relu,0,pcalm,1,0.24794634477999866,paper_frozen_table,0.0005,937,0.2213,0.2333,0.45720747865041095,0.4516884895324707,2.243254170227051,True,6.46,,,,,,,,,,,,,,,
mnist,128,32,relu,0,pcalm,2,0.24794634477999866,paper_frozen_table,0.0005,937,0.23373333333333332,0.2466,0.4517044381141663,0.44630487728118895,2.2393981212615968,True,7.3,,,,,,,,,,,,,,,
mnist,128,32,relu,0,pcalm,3,0.24794634477999866,paper_frozen_table,0.0005,937,0.24596666666666667,0.2578,0.4467774875640869,0.441445098400116,2.2358053943634033,True,11.26,,,,,,,,,,,,,,,
mnist,128,32,relu,0,pcalm,4,0.24794634477999866,paper_frozen_table,0.0005,937,0.25933333333333336,0.2739,0.4421131760597229,0.43684044699668884,2.232145889663696,True,12.56,,,,,,,,,,,,,,,
mnist,128,32,relu,0,pcalm,6,0.24794634477999866,paper_frozen_table,0.0005,937,0.29075,0.3084,0.43370014734268186,0.4285369893074036,2.224927156829834,True,14.8,,,,,,,,,,,,,,,
mnist,128,32,relu,0,pcalm,8,0.24794634477999866,paper_frozen_table,0.0005,937,0.31926666666666664,0.3369,0.42682168242136637,0.42169441094398497,2.2183380054473876,True,18.12,,,,,,,,,,,,,,,
mnist,128,32,relu,0,pcalm,12,0.24794634477999866,paper_frozen_table,0.0005,937,0.36286666666666667,0.3792,0.41599396737416583,0.41090729694366457,2.2066488357543945,True,22.53,,,,,,,,,,,,,,,
mnist,128,32,relu,0,pcalm,16,0.24794634477999866,paper_frozen_table,0.0005,937,0.39315,0.4126,0.40769221868515015,0.4025824612617493,2.196327186203003,True,26.68,,,,,,,,,,,,,,,
mnist,128,32,relu,0,pcalm,24,0.24794634477999866,paper_frozen_table,0.0005,937,0.4398666666666667,0.4534,0.39391837256749473,0.38881319637298584,2.177029477310181,True,37.34,,,,,,,,,,,,,,,
mnist,128,32,relu,0,pcalm,32,0.24794634477999866,paper_frozen_table,0.0005,937,0.4761666666666667,0.4891,0.3823911661307017,0.3774047203063965,2.159742735290527,True,47.71,,,,,,,,,,,,,,,
mnist,128,32,relu,0,pcalm,48,0.24794634477999866,paper_frozen_table,0.0005,937,0.5219666666666667,0.5347,0.3656828433036804,0.3607689332008362,2.1339999938964844,True,71.75,,,,,,,,,,,,,,,
mnist,128,32,relu,0,pcalm,64,0.24794634477999866,paper_frozen_table,0.0005,937,0.5500333333333334,0.5586,0.35314841459592183,0.348197008895874,2.1126661056518556,True,97.72,,,,,,,,,,,,,,,
mnist,128,32,relu,0,pcalm,96,0.24794634477999866,paper_frozen_table,0.0005,937,0.5860833333333333,0.5984,0.3374267231623332,0.3320644779682159,2.0830884086608887,True,141.21,,,,,,,,,,,,,,,
mnist,128,32,relu,0,pcalm,128,0.24794634477999866,paper_frozen_table,0.0005,937,0.6130166666666667,0.6224,0.32573966541290283,0.3206185993671417,2.062034368133545,True,208.5,,,,,,,,,,,,,,,
mnist,128,32,relu,0,pcalm,192,0.24794634477999866,paper_frozen_table,0.0005,937,0.6712666666666667,0.6834,0.2904608901500702,0.2853418740272522,1.9935250747680664,True,301.67,,,,,,,,,,,,,,,
mnist,128,32,relu,0,pcalm,256,0.24794634477999866,paper_frozen_table,0.0005,937,0.8038666666666666,0.8145,0.2092359925587972,0.20466706342697144,1.8411104946136474,True,375.84,1024,0.0048160310834646225,0.00020832297741435468,535,0.00023219837748911232,1,1,7,0.0012439580168575048,0.00010251255298499018,724,0.0001158967352239415,1,1,1
mnist,128,32,relu,0,pcalm,384,0.24794634477999866,paper_frozen_table,0.0005,937,0.8190166666666666,0.8244,0.1991341057221095,0.19516400973796844,1.8231603118896484,True,582.97,,,,,,,,,,,,,,,
mnist,128,32,relu,0,pcalm,512,0.24794634477999866,paper_frozen_table,0.0005,937,0.8255666666666667,0.8312,0.19080517080624898,0.1867534780025482,1.7999297382354735,True,721.17,,,,,,,,,,,,,,,
mnist,128,32,relu,0,pcalm,768,0.24794634477999866,paper_frozen_table,0.0005,937,0.8246666666666667,0.8302,0.19141323866844176,0.1878056573152542,1.7938822528839111,True,2090.28,,,,,,,,,,,,,,,
mnist,128,32,relu,0,pcalm,1024,0.24794634477999866,paper_frozen_table,0.0005,937,0.81085,0.8141,0.20446178584098815,0.20142665548324584,1.8195303552627564,True,1993.35,,,,,,,,,,,,,,,
mnist,128,32,relu,1,bp,0,0.24794634477999866,paper_frozen_table,0.0005,937,0.7812,0.7898,0.2164244851589203,0.21305637774467467,1.8539982072830201,True,5.19,,,,,,,,,,,,,,,
mnist,128,32,relu,1,pc,1,0.24794634477999866,paper_frozen_table,0.0005,937,0.10846666666666667,0.1128,0.5261293841997783,0.525675821685791,2.2964936573028565,True,6.4,,,,,,,,,,,,,,,
mnist,128,32,relu,1,pc,2,0.24794634477999866,paper_frozen_table,0.0005,937,0.11685,0.1201,0.5173739610671997,0.5167927467346192,2.2918752258300783,True,6.25,,,,,,,,,,,,,,,
mnist,128,32,relu,1,pc,3,0.24794634477999866,paper_frozen_table,0.0005,937,0.12531666666666666,0.1286,0.5094178693135579,0.50872057762146,2.2874027473449705,True,7.29,,,,,,,,,,,,,,,
mnist,128,32,relu,1,pc,4,0.24794634477999866,paper_frozen_table,0.0005,937,0.13486666666666666,0.1377,0.5020330129941305,0.5012269055366516,2.2829086570739747,True,9.39,,,,,,,,,,,,,,,
mnist,128,32,relu,1,pc,6,0.24794634477999866,paper_frozen_table,0.0005,937,0.1532,0.1573,0.49027543794314066,0.48921031923294067,2.275098211669922,True,10.12,,,,,,,,,,,,,,,
mnist,128,32,relu,1,pc,8,0.24794634477999866,paper_frozen_table,0.0005,937,0.16703333333333334,0.1705,0.48300841150283813,0.48177101044654846,2.2697730297088623,True,12.39,,,,,,,,,,,,,,,
mnist,128,32,relu,1,pc,12,0.24794634477999866,paper_frozen_table,0.0005,937,0.18951666666666667,0.1916,0.47281234393119814,0.4713232855319977,2.2614843765258787,True,15.43,,,,,,,,,,,,,,,
mnist,128,32,relu,1,pc,16,0.24794634477999866,paper_frozen_table,0.0005,937,0.20826666666666666,0.2125,0.4652342846393585,0.463578759765625,2.254685498046875,True,17.68,,,,,,,,,,,,,,,
mnist,128,32,relu,1,pc,24,0.24794634477999866,paper_frozen_table,0.0005,937,0.24181666666666668,0.2454,0.4541437776883443,0.4522650640487671,2.2438469841003417,True,23.3,,,,,,,,,,,,,,,
mnist,128,32,relu,1,pc,32,0.24794634477999866,paper_frozen_table,0.0005,937,0.2680166666666667,0.2708,0.446055312983195,0.4440590738296509,2.2352410331726076,True,29.92,,,,,,,,,,,,,,,
mnist,128,32,relu,1,pc,48,0.24794634477999866,paper_frozen_table,0.0005,937,0.30911666666666665,0.3134,0.43484659423828126,0.43273239197731017,2.222371484375,True,41.7,,,,,,,,,,,,,,,
mnist,128,32,relu,1,pc,64,0.24794634477999866,paper_frozen_table,0.0005,937,0.3386166666666667,0.3418,0.4268702032883962,0.42477463722229003,2.212621468734741,True,54.61,,,,,,,,,,,,,,,
mnist,128,32,relu,1,pc,96,0.24794634477999866,paper_frozen_table,0.0005,937,0.37678333333333336,0.3826,0.41600935552914936,0.41403231258392337,2.1988900600433348,True,83.29,,,,,,,,,,,,,,,
mnist,128,32,relu,1,pc,128,0.24794634477999866,paper_frozen_table,0.0005,937,0.40105,0.4082,0.40853418809572856,0.4066481068134308,2.1891234390258787,True,114.46,,,,,,,,,,,,,,,
mnist,128,32,relu,1,pc,192,0.24794634477999866,paper_frozen_table,0.0005,937,0.4336833333333333,0.4438,0.3983219549973806,0.39652313318252563,2.174672144699097,True,170.72,,,,,,,,,,,,,,,
mnist,128,32,relu,1,pc,256,0.24794634477999866,paper_frozen_table,0.0005,937,0.45686666666666664,0.4681,0.39045952927271527,0.38854138445854186,2.162284306335449,True,254.42,1024,0.005450436845421791,0.005450436845421791,1,0.011996511369943619,1,1,,0.002828503493219614,0.002828503493219614,1,0.006568111013621092,1,1,1
mnist,128,32,relu,1,pc,384,0.24794634477999866,paper_frozen_table,0.0005,937,0.48693333333333333,0.4973,0.3777895281950633,0.37526308603286745,2.139382064437866,True,335.29,,,,,,,,,,,,,,,
mnist,128,32,relu,1,pc,512,0.24794634477999866,paper_frozen_table,0.0005,937,0.507,0.5172,0.36957241988182066,0.36662741389274595,2.123584098815918,True,458.19,,,,,,,,,,,,,,,
mnist,128,32,relu,1,pc,768,0.24794634477999866,paper_frozen_table,0.0005,937,0.5354666666666666,0.5507,0.357753275458018,0.3542455235481262,2.0956240047454835,True,608.07,,,,,,,,,,,,,,,
mnist,128,32,relu,1,pc,1024,0.24794634477999866,paper_frozen_table,0.0005,937,0.5560333333333334,0.5687,0.3509631410439809,0.3467821294784546,2.0737525665283205,True,799.2,,,,,,,,,,,,,,,
mnist,128,32,relu,1,pc,1536,0.24794634477999866,paper_frozen_table,0.0005,937,0.5828,0.5975,0.34360969654719037,0.33880657906532285,2.051742538642883,True,1116.03,,,,,,,,,,,,,,,
mnist,128,32,relu,1,pc,2048,0.24794634477999866,paper_frozen_table,0.0005,937,0.7115666666666667,0.7234,0.28044863953590393,0.2763315577507019,1.9351979656219482,True,2680.79,,,,,,,,,,,,,,,
mnist,128,32,relu,1,pc,3072,0.24794634477999866,paper_frozen_table,0.0005,937,0.7709833333333334,0.7815,0.2353782556215922,0.23031337323188783,1.846433330154419,True,3621.29,,,,,,,,,,,,,,,
mnist,128,32,relu,1,pcalm,1,0.24794634477999866,paper_frozen_table,0.0005,937,0.10846666666666667,0.1128,0.5261293841997783,0.525675821685791,2.2964936573028565,True,6.4,,,,,,,,,,,,,,,
mnist,128,32,relu,1,pcalm,2,0.24794634477999866,paper_frozen_table,0.0005,937,0.11671666666666666,0.1199,0.5174369113286337,0.5168748121261597,2.291917428970337,True,7.38,,,,,,,,,,,,,,,
mnist,128,32,relu,1,pcalm,3,0.24794634477999866,paper_frozen_table,0.0005,937,0.1253,0.1283,0.509392440923055,0.508693864440918,2.2874728099822996,True,11.31,,,,,,,,,,,,,,,
mnist,128,32,relu,1,pcalm,4,0.24794634477999866,paper_frozen_table,0.0005,937,0.13478333333333334,0.1377,0.5018960088411967,0.5010853403091431,2.282944522476196,True,12.57,,,,,,,,,,,,,,,
mnist,128,32,relu,1,pcalm,6,0.24794634477999866,paper_frozen_table,0.0005,937,0.1564,0.1601,0.4885767641385396,0.48746005749702453,2.2739275512695314,True,15.11,,,,,,,,,,,,,,,
mnist,128,32,relu,1,pcalm,8,0.24794634477999866,paper_frozen_table,0.0005,937,0.17946666666666666,0.182,0.47712053764661155,0.4757382234573364,2.2651604484558105,True,18.59,,,,,,,,,,,,,,,
mnist,128,32,relu,1,pcalm,12,0.24794634477999866,paper_frozen_table,0.0005,937,0.22366666666666668,0.2268,0.45935736940701805,0.4576119665145874,2.2497655097961426,True,22.97,,,,,,,,,,,,,,,
mnist,128,32,relu,1,pcalm,16,0.24794634477999866,paper_frozen_table,0.0005,937,0.26303333333333334,0.267,0.4467515521844228,0.44482266139984133,2.237399516296387,True,27.41,,,,,,,,,,,,,,,
mnist,128,32,relu,1,pcalm,24,0.24794634477999866,paper_frozen_table,0.0005,937,0.32781666666666665,0.3317,0.4288371369202932,0.4267852527618408,2.218054362487793,True,38.37,,,,,,,,,,,,,,,
mnist,128,32,relu,1,pcalm,32,0.24794634477999866,paper_frozen_table,0.0005,937,0.37343333333333334,0.3768,0.41606315032641095,0.41409712743759153,2.2034336517333983,True,49.13,,,,,,,,,,,,,,,
mnist,128,32,relu,1,pcalm,48,0.24794634477999866,paper_frozen_table,0.0005,937,0.428,0.4368,0.39912948020299277,0.39727453145980834,2.183307175445557,True,73.66,,,,,,,,,,,,,,,
mnist,128,32,relu,1,pcalm,64,0.24794634477999866,paper_frozen_table,0.0005,937,0.4704,0.4771,0.38392389758427936,0.38172235708236696,2.1629886978149413,True,101.73,,,,,,,,,,,,,,,
mnist,128,32,relu,1,pcalm,96,0.24794634477999866,paper_frozen_table,0.0005,937,0.5204,0.5307,0.3671636246999105,0.36470826144218443,2.138995735168457,True,149.29,,,,,,,,,,,,,,,
mnist,128,32,relu,1,pcalm,128,0.24794634477999866,paper_frozen_table,0.0005,937,0.55835,0.5723,0.35542315907478333,0.35294279608726503,2.118491997909546,True,211.94,,,,,,,,,,,,,,,
mnist,128,32,relu,1,pcalm,192,0.24794634477999866,paper_frozen_table,0.0005,937,0.6160166666666667,0.6262,0.32593448295593264,0.32277136664390566,2.0663776523590087,True,308.11,,,,,,,,,,,,,,,
mnist,128,32,relu,1,pcalm,256,0.24794634477999866,paper_frozen_table,0.0005,937,0.7504333333333333,0.7624,0.24651958821614584,0.24297496190071105,1.9210192543029785,True,397.05,1024,0.005450436845421791,0.00023876498744357377,725,0.0002775277534965426,1,1,7,0.001312578679062426,8.271871774923056e-05,695,9.125174983637407e-05,1,1,1
mnist,128,32,relu,1,pcalm,384,0.24794634477999866,paper_frozen_table,0.0005,937,0.76945,0.7813,0.23417378927866617,0.22939284658432008,1.8932371397018433,True,600.98,,,,,,,,,,,,,,,
mnist,128,32,relu,1,pcalm,512,0.24794634477999866,paper_frozen_table,0.0005,937,0.7818,0.7949,0.21573839684327442,0.21181830048561096,1.8562679161071778,True,734.35,,,,,,,,,,,,,,,
mnist,128,32,relu,1,pcalm,768,0.24794634477999866,paper_frozen_table,0.0005,937,0.7602666666666666,0.7748,0.22922934065659842,0.22527781653404236,1.8788092433929444,True,2623.24,,,,,,,,,,,,,,,
mnist,128,32,relu,1,pcalm,1024,0.24794634477999866,paper_frozen_table,0.0005,937,0.7481666666666666,0.758,0.23586396479606628,0.23362647476196288,1.8872281330108642,True,1443.57,,,,,,,,,,,,,,,
mnist,128,32,relu,2,bp,0,0.24794634477999866,paper_frozen_table,0.0005,937,0.8206666666666667,0.8259,0.18262182547251382,0.18055291585922242,1.786559104156494,True,4.69,,,,,,,,,,,,,,,
mnist,128,32,relu,2,pc,1,0.24794634477999866,paper_frozen_table,0.0005,937,0.1675,0.1717,0.4765423624038696,0.47417676820755006,2.277446277618408,True,5.95,,,,,,,,,,,,,,,
mnist,128,32,relu,2,pc,2,0.24794634477999866,paper_frozen_table,0.0005,937,0.1745,0.1793,0.47128629682858786,0.46895878772735594,2.2742795055389404,True,6.35,,,,,,,,,,,,,,,
mnist,128,32,relu,2,pc,3,0.24794634477999866,paper_frozen_table,0.0005,937,0.18295,0.1881,0.4664625536600749,0.46418242473602295,2.2711430603027343,True,8.68,,,,,,,,,,,,,,,
mnist,128,32,relu,2,pc,4,0.24794634477999866,paper_frozen_table,0.0005,937,0.19275,0.1987,0.46216291376749674,0.45991865797042847,2.2681085124969482,True,8.98,,,,,,,,,,,,,,,
mnist,128,32,relu,2,pc,6,0.24794634477999866,paper_frozen_table,0.0005,937,0.21331666666666665,0.2172,0.4554444306373596,0.45327214155197143,2.262909913253784,True,10.39,,,,,,,,,,,,,,,
mnist,128,32,relu,2,pc,8,0.24794634477999866,paper_frozen_table,0.0005,937,0.2273,0.2312,0.4513326876004537,0.44920368094444274,2.2593606689453125,True,12.17,,,,,,,,,,,,,,,
mnist,128,32,relu,2,pc,12,0.24794634477999866,paper_frozen_table,0.0005,937,0.25098333333333334,0.2551,0.4452927485624949,0.4432160846233368,2.2536126289367675,True,15.52,,,,,,,,,,,,,,,
mnist,128,32,relu,2,pc,16,0.24794634477999866,paper_frozen_table,0.0005,937,0.26875,0.2723,0.4406705069700877,0.4386606062889099,2.2488154396057127,True,18.56,,,,,,,,,,,,,,,
mnist,128,32,relu,2,pc,24,0.24794634477999866,paper_frozen_table,0.0005,937,0.295,0.2993,0.43355335631370545,0.4316292062759399,2.2406462440490724,True,23.62,,,,,,,,,,,,,,,
mnist,128,32,relu,2,pc,32,0.24794634477999866,paper_frozen_table,0.0005,937,0.31528333333333336,0.3172,0.42815277574857075,0.4262778059959412,2.233846382141113,True,30.32,,,,,,,,,,,,,,,
mnist,128,32,relu,2,pc,48,0.24794634477999866,paper_frozen_table,0.0005,937,0.34176666666666666,0.3425,0.4201072301546733,0.41830886478424073,2.222757838821411,True,42.62,,,,,,,,,,,,,,,
mnist,128,32,relu,2,pc,64,0.24794634477999866,paper_frozen_table,0.0005,937,0.36073333333333335,0.3595,0.41401236495971677,0.4122534098625183,2.2137274955749513,True,57.38,,,,,,,,,,,,,,,
mnist,128,32,relu,2,pc,96,0.24794634477999866,paper_frozen_table,0.0005,937,0.3884666666666667,0.387,0.40454930712382,0.4028389238834381,2.1986737487792967,True,86.52,,,,,,,,,,,,,,,
mnist,128,32,relu,2,pc,128,0.24794634477999866,paper_frozen_table,0.0005,937,0.412,0.4144,0.3971072538852692,0.39533874859809875,2.185751765823364,True,120.5,,,,,,,,,,,,,,,
mnist,128,32,relu,2,pc,192,0.24794634477999866,paper_frozen_table,0.0005,937,0.4474166666666667,0.4493,0.38583562154769896,0.3839143313407898,2.164323326873779,True,189.57,,,,,,,,,,,,,,,
mnist,128,32,relu,2,pc,256,0.24794634477999866,paper_frozen_table,0.0005,937,0.47526666666666667,0.4765,0.37719079394340516,0.37509678854942324,2.146665264892578,True,261.11,1024,0.005998907145112753,0.005998907145112753,1,0.014352655038237572,1,1,,0.004194768611341715,0.004194768611341715,1,0.009361978620290756,1,1,
mnist,128,32,relu,2,pc,384,0.24794634477999866,paper_frozen_table,0.0005,937,0.5106333333333334,0.5127,0.3643128773053487,0.3622021739006043,2.1181637786865233,True,337.55,,,,,,,,,,,,,,,
mnist,128,32,relu,2,pc,512,0.24794634477999866,paper_frozen_table,0.0005,937,0.5345333333333333,0.5346,0.3547630345503489,0.35279592113494873,2.095665552520752,True,483.51,,,,,,,,,,,,,,,
mnist,128,32,relu,2,pc,768,0.24794634477999866,paper_frozen_table,0.0005,937,0.5679166666666666,0.5705,0.3412864347775777,0.3398332523345947,2.0618765785217286,True,579.49,,,,,,,,,,,,,,,
mnist,128,32,relu,2,pc,1024,0.24794634477999866,paper_frozen_table,0.0005,937,0.5892666666666667,0.594,0.33227354885737104,0.33117041416168214,2.0361743499755858,True,755.24,,,,,,,,,,,,,,,
mnist,128,32,relu,2,pc,1536,0.24794634477999866,paper_frozen_table,0.0005,937,0.6166833333333334,0.6222,0.31934944513638813,0.3180876228332519,2.001070114517212,True,1820.68,,,,,,,,,,,,,,,
mnist,128,32,relu,2,pc,2048,0.24794634477999866,paper_frozen_table,0.0005,937,0.7521333333333333,0.7577,0.2461213340520859,0.24312804913520814,1.8726315282821655,True,2611.9,,,,,,,,,,,,,,,
mnist,128,32,relu,2,pc,3072,0.24794634477999866,paper_frozen_table,0.0005,937,0.7959333333333334,0.8012,0.2152462404727936,0.21170546100139617,1.8045515224456787,True,2924.09,,,,,,,,,,,,,,,
mnist,128,32,relu,2,pcalm,1,0.24794634477999866,paper_frozen_table,0.0005,937,0.1675,0.1717,0.4765423624038696,0.47417676820755006,2.277446277618408,True,6.45,,,,,,,,,,,,,,,
mnist,128,32,relu,2,pcalm,2,0.24794634477999866,paper_frozen_table,0.0005,937,0.174,0.1797,0.47132828130722043,0.46900360069274905,2.2742921783447265,True,7.41,,,,,,,,,,,,,,,
mnist,128,32,relu,2,pcalm,3,0.24794634477999866,paper_frozen_table,0.0005,937,0.1828,0.1882,0.46648837471008303,0.4641999333381653,2.271210828399658,True,11.23,,,,,,,,,,,,,,,
mnist,128,32,relu,2,pcalm,4,0.24794634477999866,paper_frozen_table,0.0005,937,0.19305,0.1992,0.4620954334894816,0.4598381902217865,2.2681366565704346,True,12.53,,,,,,,,,,,,,,,
mnist,128,32,relu,2,pcalm,6,0.24794634477999866,paper_frozen_table,0.0005,937,0.21825,0.2215,0.4539591918468475,0.4517817029953003,2.261760425567627,True,15.02,,,,,,,,,,,,,,,
mnist,128,32,relu,2,pcalm,8,0.24794634477999866,paper_frozen_table,0.0005,937,0.24325,0.2475,0.4470573493639628,0.44493542695045474,2.2555536697387697,True,18.38,,,,,,,,,,,,,,,
mnist,128,32,relu,2,pcalm,12,0.24794634477999866,paper_frozen_table,0.0005,937,0.2847166666666667,0.2872,0.43639259568850197,0.4344245667457581,2.2445857780456544,True,22.94,,,,,,,,,,,,,,,
mnist,128,32,relu,2,pcalm,16,0.24794634477999866,paper_frozen_table,0.0005,937,0.31438333333333335,0.3184,0.42815061524709064,0.4262648374080658,2.2348950176239013,True,27.23,,,,,,,,,,,,,,,
mnist,128,32,relu,2,pcalm,24,0.24794634477999866,paper_frozen_table,0.0005,937,0.3552166666666667,0.3536,0.4155252874692281,0.41374876742362976,2.218340746307373,True,37.65,,,,,,,,,,,,,,,
mnist,128,32,relu,2,pcalm,32,0.24794634477999866,paper_frozen_table,0.0005,937,0.3856,0.3851,0.4052626821835836,0.40351659240722654,2.203576117706299,True,48.26,,,,,,,,,,,,,,,
mnist,128,32,relu,2,pcalm,48,0.24794634477999866,paper_frozen_table,0.0005,937,0.43421666666666664,0.4378,0.38855329915682474,0.3866938767433167,2.177399550628662,True,72.53,,,,,,,,,,,,,,,
mnist,128,32,relu,2,pcalm,64,0.24794634477999866,paper_frozen_table,0.0005,937,0.4744333333333333,0.476,0.3747066078027089,0.3727097460746765,2.15390020942688,True,100.44,,,,,,,,,,,,,,,
mnist,128,32,relu,2,pcalm,96,0.24794634477999866,paper_frozen_table,0.0005,937,0.5249166666666667,0.5305,0.3527730455239614,0.35037185554504396,2.114525053024292,True,144.51,,,,,,,,,,,,,,,
mnist,128,32,relu,2,pcalm,128,0.24794634477999866,paper_frozen_table,0.0005,937,0.5627,0.5655,0.33405818049112956,0.33172715911865236,2.080193661880493,True,210.56,,,,,,,,,,,,,,,
mnist,128,32,relu,2,pcalm,192,0.24794634477999866,paper_frozen_table,0.0005,937,0.6301666666666667,0.6329,0.29570748074849446,0.29362399587631227,2.008361748123169,True,303.42,,,,,,,,,,,,,,,
mnist,128,32,relu,2,pcalm,256,0.24794634477999866,paper_frozen_table,0.0005,937,0.79975,0.8089,0.2005655692497889,0.19722666511535644,1.824983508491516,True,383.81,1024,0.005998907145112753,0.00020690307428594679,736,0.00024035990645643324,1,1,9,0.0017330663977190852,0.00011525343143148348,730,0.0001202576604555361,1,1,1
mnist,128,32,relu,2,pcalm,384,0.24794634477999866,paper_frozen_table,0.0005,937,0.8024666666666667,0.8086,0.19684253719647726,0.19404352462291719,1.8191993896484375,True,592.4,,,,,,,,,,,,,,,
mnist,128,32,relu,2,pcalm,512,0.24794634477999866,paper_frozen_table,0.0005,937,0.8101333333333334,0.8202,0.1931778887907664,0.19069853432178496,1.8130477779388428,True,739.87,,,,,,,,,,,,,,,
mnist,128,32,relu,2,pcalm,768,0.24794634477999866,paper_frozen_table,0.0005,937,0.78815,0.7917,0.21240016377766927,0.2111317614555359,1.8502658752441405,True,2391.95,,,,,,,,,,,,,,,
mnist,128,32,relu,2,pcalm,1024,0.24794634477999866,paper_frozen_table,0.0005,937,0.7956,0.8039,0.20356900022824606,0.1999128182888031,1.8192447736740112,True,1525.47,,,,,,,,,,,,,,,
mnist,128,32,relu,3,bp,0,0.24794634477999866,paper_frozen_table,0.0005,937,0.8089833333333334,0.8177,0.20658277702331543,0.20382017388343812,1.8334331392288208,True,5.53,,,,,,,,,,,,,,,
mnist,128,32,relu,3,pc,1,0.24794634477999866,paper_frozen_table,0.0005,937,0.20261666666666667,0.2105,0.46648795580863955,0.465415340423584,2.2694320274353026,True,6.64,,,,,,,,,,,,,,,
mnist,128,32,relu,3,pc,2,0.24794634477999866,paper_frozen_table,0.0005,937,0.2098,0.2186,0.4623556592305501,0.4611345880508423,2.2666543575286866,True,7.19,,,,,,,,,,,,,,,
mnist,128,32,relu,3,pc,3,0.24794634477999866,paper_frozen_table,0.0005,937,0.21778333333333333,0.2251,0.45852819015185037,0.4571572072982788,2.263848614120483,True,8.24,,,,,,,,,,,,,,,
mnist,128,32,relu,3,pc,4,0.24794634477999866,paper_frozen_table,0.0005,937,0.22675,0.2342,0.45494110995928444,0.45345380139350894,2.2610317916870115,True,9.36,,,,,,,,,,,,,,,
mnist,128,32,relu,3,pc,6,0.24794634477999866,paper_frozen_table,0.0005,937,0.24348333333333333,0.2501,0.44961566934585573,0.44796711053848265,2.2564698257446287,True,11.6,,,,,,,,,,,,,,,
mnist,128,32,relu,3,pc,8,0.24794634477999866,paper_frozen_table,0.0005,937,0.25538333333333335,0.2621,0.44629570535024005,0.4445347237586975,2.25335438079834,True,14.32,,,,,,,,,,,,,,,
mnist,128,32,relu,3,pc,12,0.24794634477999866,paper_frozen_table,0.0005,937,0.2748333333333333,0.2793,0.4413791970570882,0.4394375910282135,2.248262000656128,True,16.72,,,,,,,,,,,,,,,
mnist,128,32,relu,3,pc,16,0.24794634477999866,paper_frozen_table,0.0005,937,0.2907166666666667,0.2944,0.4377020694096883,0.4356290177822113,2.2440897789001464,True,19.23,,,,,,,,,,,,,,,
mnist,128,32,relu,3,pc,24,0.24794634477999866,paper_frozen_table,0.0005,937,0.31406666666666666,0.3173,0.43212458221117656,0.4298366343021393,2.237128630065918,True,27.52,,,,,,,,,,,,,,,
mnist,128,32,relu,3,pc,32,0.24794634477999866,paper_frozen_table,0.0005,937,0.33021666666666666,0.3341,0.42791783219973245,0.42549480390548705,2.2314419803619385,True,36.64,,,,,,,,,,,,,,,
mnist,128,32,relu,3,pc,48,0.24794634477999866,paper_frozen_table,0.0005,937,0.355,0.3598,0.4214135829607646,0.41883338270187376,2.2220011211395265,True,52.29,,,,,,,,,,,,,,,
mnist,128,32,relu,3,pc,64,0.24794634477999866,paper_frozen_table,0.0005,937,0.3744,0.3805,0.41630966825485227,0.41359485168457033,2.213958758544922,True,64.01,,,,,,,,,,,,,,,
mnist,128,32,relu,3,pc,96,0.24794634477999866,paper_frozen_table,0.0005,937,0.40098333333333336,0.4086,0.40814855081240337,0.40530236668586733,2.199964149856567,True,92.6,,,,,,,,,,,,,,,
mnist,128,32,relu,3,pc,128,0.24794634477999866,paper_frozen_table,0.0005,937,0.4207166666666667,0.4278,0.40139646151860553,0.3985158654689789,2.1875815982818603,True,118.48,,,,,,,,,,,,,,,
mnist,128,32,relu,3,pc,192,0.24794634477999866,paper_frozen_table,0.0005,937,0.45066666666666666,0.46,0.3906563692887624,0.3878017322540283,2.1665526317596435,True,171.91,,,,,,,,,,,,,,,
mnist,128,32,relu,3,pc,256,0.24794634477999866,paper_frozen_table,0.0005,937,0.47218333333333334,0.4824,0.38270051771799724,0.3797482517719269,2.149601442718506,True,214.79,1024,0.005419209133833647,0.005419209133833647,1,0.01343619730323553,1,1,,0.003698883345350623,0.003698883345350623,1,0.008675893768668175,1,1,
mnist,128,32,relu,3,pc,384,0.24794634477999866,paper_frozen_table,0.0005,937,0.50235,0.5175,0.3713718690713247,0.3684016736984253,2.124083470916748,True,307.6,,,,,,,,,,,,,,,
mnist,128,32,relu,3,pc,512,0.24794634477999866,paper_frozen_table,0.0005,937,0.5209666666666667,0.5373,0.36365385476748147,0.36062048163414,2.105479132461548,True,410.03,,,,,,,,,,,,,,,
mnist,128,32,relu,3,pc,768,0.24794634477999866,paper_frozen_table,0.0005,937,0.5454666666666667,0.5604,0.3539207324186961,0.3509118676185608,2.079159519958496,True,569.54,,,,,,,,,,,,,,,
mnist,128,32,relu,3,pc,1024,0.24794634477999866,paper_frozen_table,0.0005,937,0.5609,0.5747,0.34753097117741905,0.34427214345932006,2.0597158475875856,True,751.95,,,,,,,,,,,,,,,
mnist,128,32,relu,3,pc,1536,0.24794634477999866,paper_frozen_table,0.0005,937,0.5899666666666666,0.6026,0.3351355847040812,0.3308863172054291,2.0244530014038085,True,1956.15,,,,,,,,,,,,,,,
mnist,128,32,relu,3,pc,2048,0.24794634477999866,paper_frozen_table,0.0005,937,0.7359,0.7491,0.26255069014231364,0.2576783005952835,1.8952611761093139,True,2571.85,,,,,,,,,,,,,,,
mnist,128,32,relu,3,pc,3072,0.24794634477999866,paper_frozen_table,0.0005,937,0.77785,0.7888,0.23745645836194357,0.23230455899238586,1.8393952068328858,True,2804.85,,,,,,,,,,,,,,,
mnist,128,32,relu,3,pcalm,1,0.24794634477999866,paper_frozen_table,0.0005,937,0.20261666666666667,0.2105,0.46648795580863955,0.465415340423584,2.2694320274353026,True,6.11,,,,,,,,,,,,,,,
mnist,128,32,relu,3,pcalm,2,0.24794634477999866,paper_frozen_table,0.0005,937,0.21005,0.2191,0.46232000273068746,0.4611020704269409,2.26659479637146,True,9.14,,,,,,,,,,,,,,,
mnist,128,32,relu,3,pcalm,3,0.24794634477999866,paper_frozen_table,0.0005,937,0.21815,0.2252,0.45844127190907796,0.45706736431121825,2.263830009841919,True,10.73,,,,,,,,,,,,,,,
mnist,128,32,relu,3,pcalm,4,0.24794634477999866,paper_frozen_table,0.0005,937,0.2274,0.2348,0.45471427030563355,0.4532197193145752,2.2609348789215087,True,12.36,,,,,,,,,,,,,,,
mnist,128,32,relu,3,pcalm,6,0.24794634477999866,paper_frozen_table,0.0005,937,0.24753333333333333,0.2532,0.448265384276708,0.4465713167190552,2.2554174461364744,True,15.15,,,,,,,,,,,,,,,
mnist,128,32,relu,3,pcalm,8,0.24794634477999866,paper_frozen_table,0.0005,937,0.26881666666666665,0.2738,0.44266148969332375,0.4407732292175293,2.250067756652832,True,17.42,,,,,,,,,,,,,,,
mnist,128,32,relu,3,pcalm,12,0.24794634477999866,paper_frozen_table,0.0005,937,0.3054,0.31,0.43404133637746173,0.43186505184173585,2.2406310111999512,True,21.97,,,,,,,,,,,,,,,
mnist,128,32,relu,3,pcalm,16,0.24794634477999866,paper_frozen_table,0.0005,937,0.3302833333333333,0.3353,0.4275858762741089,0.42520542125701905,2.232751244354248,True,27.38,,,,,,,,,,,,,,,
mnist,128,32,relu,3,pcalm,24,0.24794634477999866,paper_frozen_table,0.0005,937,0.37075,0.3777,0.4171723129272461,0.4145959421157837,2.2189436771392823,True,37.6,,,,,,,,,,,,,,,
mnist,128,32,relu,3,pcalm,32,0.24794634477999866,paper_frozen_table,0.0005,937,0.3995166666666667,0.4086,0.40850607709884645,0.40585119228363037,2.206238465118408,True,48.46,,,,,,,,,,,,,,,
mnist,128,32,relu,3,pcalm,48,0.24794634477999866,paper_frozen_table,0.0005,937,0.45015,0.459,0.3916763743718465,0.38897083492279055,2.1788030086517334,True,73.47,,,,,,,,,,,,,,,
mnist,128,32,relu,3,pcalm,64,0.24794634477999866,paper_frozen_table,0.0005,937,0.4888,0.4995,0.37760889024734495,0.375042928314209,2.154749633026123,True,99.91,,,,,,,,,,,,,,,
mnist,128,32,relu,3,pcalm,96,0.24794634477999866,paper_frozen_table,0.0005,937,0.53255,0.5471,0.3582337463378906,0.35560330576896665,2.1207713039398195,True,143.87,,,,,,,,,,,,,,,
mnist,128,32,relu,3,pcalm,128,0.24794634477999866,paper_frozen_table,0.0005,937,0.56505,0.5798,0.3421655142466227,0.33890964694023135,2.09064733581543,True,208.43,,,,,,,,,,,,,,,
mnist,128,32,relu,3,pcalm,192,0.24794634477999866,paper_frozen_table,0.0005,937,0.6276,0.639,0.3069705991109212,0.30265531787872313,2.025734602165222,True,302.92,,,,,,,,,,,,,,,
mnist,128,32,relu,3,pcalm,256,0.24794634477999866,paper_frozen_table,0.0005,937,0.7810166666666667,0.7985,0.22195775187810263,0.2166348384141922,1.8653546077728271,True,383.0,1024,0.005419209133833647,0.0002331055875401944,530,0.0002509884652681649,1,1,7,0.001535572111606598,0.00011142951552756131,728,0.00012696633348241448,1,1,1
mnist,128,32,relu,3,pcalm,384,0.24794634477999866,paper_frozen_table,0.0005,937,0.7941333333333334,0.8072,0.21270223348935446,0.20765141146183014,1.846825344657898,True,596.64,,,,,,,,,,,,,,,
mnist,128,32,relu,3,pcalm,512,0.24794634477999866,paper_frozen_table,0.0005,937,0.8029833333333334,0.8113,0.2112630179564158,0.20874857561588286,1.8445597148895263,True,732.39,,,,,,,,,,,,,,,
mnist,128,32,relu,3,pcalm,768,0.24794634477999866,paper_frozen_table,0.0005,937,0.7998,0.8103,0.2145802081267039,0.21146784472465516,1.8492753349304198,True,2468.91,,,,,,,,,,,,,,,
mnist,128,32,relu,3,pcalm,1024,0.24794634477999866,paper_frozen_table,0.0005,937,0.7545,0.7676,0.2245392369667689,0.21981474213600158,1.8583192600250245,True,1381.47,,,,,,,,,,,,,,,
mnist,128,32,relu,4,bp,0,0.24794634477999866,paper_frozen_table,0.0005,937,0.8116166666666667,0.8224,0.19711476667722067,0.19163573832511901,1.8113459964752197,True,4.79,,,,,,,,,,,,,,,
mnist,128,32,relu,4,pc,1,0.24794634477999866,paper_frozen_table,0.0005,937,0.12001666666666666,0.1269,0.4752440050284068,0.47449560832977294,2.2949660247802735,True,6.71,,,,,,,,,,,,,,,
mnist,128,32,relu,4,pc,2,0.24794634477999866,paper_frozen_table,0.0005,937,0.12836666666666666,0.1357,0.47248065986633303,0.471721320772171,2.2928602268218996,True,6.88,,,,,,,,,,,,,,,
mnist,128,32,relu,4,pc,3,0.24794634477999866,paper_frozen_table,0.0005,937,0.13716666666666666,0.1455,0.4698735836664836,0.46910135831832883,2.2908095821380616,True,7.91,,,,,,,,,,,,,,,
mnist,128,32,relu,4,pc,4,0.24794634477999866,paper_frozen_table,0.0005,937,0.14593333333333333,0.1539,0.4674925876617432,0.46670514574050903,2.288888049316406,True,9.47,,,,,,,,,,,,,,,
mnist,128,32,relu,4,pc,6,0.24794634477999866,paper_frozen_table,0.0005,937,0.15953333333333333,0.1677,0.4638427343050639,0.46302904748916623,2.285867147445679,True,10.82,,,,,,,,,,,,,,,
mnist,128,32,relu,4,pc,8,0.24794634477999866,paper_frozen_table,0.0005,937,0.16901666666666668,0.1778,0.46140602283477783,0.46057889585494993,2.2837545738220215,True,12.65,,,,,,,,,,,,,,,
mnist,128,32,relu,4,pc,12,0.24794634477999866,paper_frozen_table,0.0005,937,0.18375,0.1937,0.4575959303538005,0.45676816663742065,2.2802719619750977,True,17.32,,,,,,,,,,,,,,,
mnist,128,32,relu,4,pc,16,0.24794634477999866,paper_frozen_table,0.0005,937,0.19628333333333334,0.2064,0.4545948293685913,0.4537729099273682,2.2773431701660156,True,20.37,,,,,,,,,,,,,,,
mnist,128,32,relu,4,pc,24,0.24794634477999866,paper_frozen_table,0.0005,937,0.21546666666666667,0.224,0.4499945499738057,0.44918256130218503,2.272510803604126,True,28.03,,,,,,,,,,,,,,,
mnist,128,32,relu,4,pc,32,0.24794634477999866,paper_frozen_table,0.0005,937,0.23115,0.2392,0.4463774963537852,0.445563009262085,2.268382707977295,True,34.34,,,,,,,,,,,,,,,
mnist,128,32,relu,4,pc,48,0.24794634477999866,paper_frozen_table,0.0005,937,0.25571666666666665,0.2619,0.4405817464987437,0.4397526951789856,2.2611774253845214,True,46.63,,,,,,,,,,,,,,,
mnist,128,32,relu,4,pc,64,0.24794634477999866,paper_frozen_table,0.0005,937,0.27523333333333333,0.2813,0.43578366994857787,0.43490589551925657,2.25469108543396,True,61.32,,,,,,,,,,,,,,,
mnist,128,32,relu,4,pc,96,0.24794634477999866,paper_frozen_table,0.0005,937,0.30711666666666665,0.31,0.4279485701560974,0.42693618388175963,2.243229846191406,True,89.01,,,,,,,,,,,,,,,
mnist,128,32,relu,4,pc,128,0.24794634477999866,paper_frozen_table,0.0005,937,0.33063333333333333,0.3319,0.42142381807963053,0.4202786598205566,2.232853020477295,True,111.8,,,,,,,,,,,,,,,
mnist,128,32,relu,4,pc,192,0.24794634477999866,paper_frozen_table,0.0005,937,0.3642,0.3626,0.4104828400293986,0.40892036910057067,2.2133814697265626,True,163.12,,,,,,,,,,,,,,,
mnist,128,32,relu,4,pc,256,0.24794634477999866,paper_frozen_table,0.0005,937,0.3912,0.3952,0.40100528570810956,0.3989213508605957,2.194210224533081,True,205.65,1024,0.004388212226331234,0.004388212226331234,1,0.010936995036900043,1,1,,0.0035477355122566223,0.0035477355122566223,1,0.008442594669759274,1,1,
mnist,128,32,relu,4,pc,384,0.24794634477999866,paper_frozen_table,0.0005,937,0.42991666666666667,0.4392,0.3868189281463623,0.38388143544197084,2.1608726940155027,True,297.25,,,,,,,,,,,,,,,
mnist,128,32,relu,4,pc,512,0.24794634477999866,paper_frozen_table,0.0005,937,0.4591,0.4697,0.37682725022633873,0.37322125310897825,2.135588259887695,True,397.25,,,,,,,,,,,,,,,
mnist,128,32,relu,4,pc,768,0.24794634477999866,paper_frozen_table,0.0005,937,0.4981,0.5089,0.36350832319259646,0.3590246132850647,2.100482321166992,True,564.95,,,,,,,,,,,,,,,
mnist,128,32,relu,4,pc,1024,0.24794634477999866,paper_frozen_table,0.0005,937,0.5235333333333333,0.5369,0.3551955512682597,0.3502771492958069,2.076344704437256,True,771.02,,,,,,,,,,,,,,,
mnist,128,32,relu,4,pc,1536,0.24794634477999866,paper_frozen_table,0.0005,937,0.5638333333333333,0.5769,0.34190213012695314,0.33641908617019656,2.0370635787963867,True,2068.26,,,,,,,,,,,,,,,
mnist,128,32,relu,4,pc,2048,0.24794634477999866,paper_frozen_table,0.0005,937,0.7349833333333333,0.7475,0.2632458687067032,0.25767349729537964,1.8976754777908325,True,2612.07,,,,,,,,,,,,,,,
mnist,128,32,relu,4,pc,3072,0.24794634477999866,paper_frozen_table,0.0005,937,0.7870666666666667,0.798,0.23284538939793906,0.22815240497589112,1.836100453567505,True,2659.53,,,,,,,,,,,,,,,
mnist,128,32,relu,4,pcalm,1,0.24794634477999866,paper_frozen_table,0.0005,937,0.12001666666666666,0.1269,0.4752440050284068,0.47449560832977294,2.2949660247802735,True,6.84,,,,,,,,,,,,,,,
mnist,128,32,relu,4,pcalm,2,0.24794634477999866,paper_frozen_table,0.0005,937,0.12865,0.1362,0.4723566004435221,0.4716095972061157,2.2928024452209472,True,8.96,,,,,,,,,,,,,,,
mnist,128,32,relu,4,pcalm,3,0.24794634477999866,paper_frozen_table,0.0005,937,0.13725,0.1455,0.46982792399724327,0.46905859231948854,2.2907985752105713,True,12.35,,,,,,,,,,,,,,,
mnist,128,32,relu,4,pcalm,4,0.24794634477999866,paper_frozen_table,0.0005,937,0.14635,0.1547,0.46733273374239603,0.4665493609905243,2.2888040061950683,True,13.48,,,,,,,,,,,,,,,
mnist,128,32,relu,4,pcalm,6,0.24794634477999866,paper_frozen_table,0.0005,937,0.16351666666666667,0.1725,0.4626793252944946,0.4618665817260742,2.284970174026489,True,15.45,,,,,,,,,,,,,,,
mnist,128,32,relu,4,pcalm,8,0.24794634477999866,paper_frozen_table,0.0005,937,0.17973333333333333,0.1907,0.4583625768661499,0.4575388339996338,2.281207566070557,True,17.96,,,,,,,,,,,,,,,
mnist,128,32,relu,4,pcalm,12,0.24794634477999866,paper_frozen_table,0.0005,937,0.20858333333333334,0.2193,0.45136522568066917,0.4505528312683105,2.2745517097473145,True,24.68,,,,,,,,,,,,,,,
mnist,128,32,relu,4,pcalm,16,0.24794634477999866,paper_frozen_table,0.0005,937,0.23205,0.2403,0.4457523093382518,0.44493133897781373,2.268597749710083,True,32.46,,,,,,,,,,,,,,,
mnist,128,32,relu,4,pcalm,24,0.24794634477999866,paper_frozen_table,0.0005,937,0.27335,0.2815,0.43597731358210245,0.43508331146240237,2.257038341522217,True,45.83,,,,,,,,,,,,,,,
mnist,128,32,relu,4,pcalm,32,0.24794634477999866,paper_frozen_table,0.0005,937,0.3076833333333333,0.3111,0.42739719613393146,0.42634294710159304,2.2459015907287596,True,55.78,,,,,,,,,,,,,,,
mnist,128,32,relu,4,pcalm,48,0.24794634477999866,paper_frozen_table,0.0005,937,0.35756666666666664,0.3586,0.4119034309864044,0.41042460527420044,2.2235279998779296,True,78.33,,,,,,,,,,,,,,,
mnist,128,32,relu,4,pcalm,64,0.24794634477999866,paper_frozen_table,0.0005,937,0.39465,0.3985,0.3974215095996857,0.3954444431781769,2.1994197227478027,True,103.54,,,,,,,,,,,,,,,
mnist,128,32,relu,4,pcalm,96,0.24794634477999866,paper_frozen_table,0.0005,937,0.4568833333333333,0.4689,0.3718741991360982,0.3686236929893494,2.150319844818115,True,146.35,,,,,,,,,,,,,,,
mnist,128,32,relu,4,pcalm,128,0.24794634477999866,paper_frozen_table,0.0005,937,0.50445,0.5178,0.35215266218185426,0.3478607997894287,2.110592533493042,True,186.71,,,,,,,,,,,,,,,
mnist,128,32,relu,4,pcalm,192,0.24794634477999866,paper_frozen_table,0.0005,937,0.59065,0.6068,0.31404623435338336,0.30784784388542175,2.0375138580322267,True,263.98,,,,,,,,,,,,,,,
mnist,128,32,relu,4,pcalm,256,0.24794634477999866,paper_frozen_table,0.0005,937,0.7807333333333333,0.7954,0.22327135837078094,0.21873800115585326,1.8696658420562744,True,324.44,1024,0.004388212226331234,0.00016877346206456423,716,0.00019463627540972084,1,1,5,0.001345744007267058,0.000102216872619465,975,0.00011440255912020802,1,1,1
mnist,128,32,relu,4,pcalm,384,0.24794634477999866,paper_frozen_table,0.0005,937,0.7960833333333334,0.8067,0.2113322035630544,0.20569134378433226,1.84630998878479,True,485.49,,,,,,,,,,,,,,,
mnist,128,32,relu,4,pcalm,512,0.24794634477999866,paper_frozen_table,0.0005,937,0.80295,0.8159,0.2069099914709727,0.20162734479904174,1.8350966217041016,True,626.03,,,,,,,,,,,,,,,
mnist,128,32,relu,4,pcalm,768,0.24794634477999866,paper_frozen_table,0.0005,937,0.7724,0.7861,0.21643547546068828,0.21150382549762725,1.8474868148803711,True,2125.9,,,,,,,,,,,,,,,
mnist,128,32,relu,4,pcalm,1024,0.24794634477999866,paper_frozen_table,0.0005,937,0.7834333333333333,0.7941,0.2123778657992681,0.2087862450361252,1.843970601272583,True,1338.92,,,,,,,,,,,,,,,
mnist,16,32,relu,0,bp,0,0.22572853458868236,paper_frozen_table,0.0014142135623730952,937,0.8842166666666667,0.8887,0.13081980937719345,0.12828022961616517,1.6830587142944335,True,2.04,,,,,,,,,,,,,,,
mnist,16,32,relu,0,pc,1,0.22572853458868236,paper_frozen_table,0.0014142135623730952,937,0.47253333333333336,0.4874,0.3801066467444102,0.37781037392616273,2.1730894191741945,True,2.2,,,,,,,,,,,,,,,
mnist,16,32,relu,0,pc,2,0.22572853458868236,paper_frozen_table,0.0014142135623730952,937,0.5045666666666667,0.5206,0.3654392313321431,0.3622704844474792,2.144721710586548,True,1.94,,,,,,,,,,,,,,,
mnist,16,32,relu,0,pc,3,0.22572853458868236,paper_frozen_table,0.0014142135623730952,937,0.53015,0.5439,0.3538583165804545,0.35034748611450195,2.120441820526123,True,1.64,,,,,,,,,,,,,,,
mnist,16,32,relu,0,pc,4,0.22572853458868236,paper_frozen_table,0.0014142135623730952,937,0.54825,0.5617,0.34495861916542053,0.34123665504455564,2.101030352020264,True,1.75,,,,,,,,,,,,,,,
mnist,16,32,relu,0,pc,6,0.22572853458868236,paper_frozen_table,0.0014142135623730952,937,0.5727,0.5837,0.332654945675532,0.32852973937988283,2.0746145809173586,True,1.93,,,,,,,,,,,,,,,
mnist,16,32,relu,0,pc,8,0.22572853458868236,paper_frozen_table,0.0014142135623730952,937,0.5890166666666666,0.5964,0.3247384497642517,0.3203669358253479,2.0585553859710695,True,2.21,,,,,,,,,,,,,,,
mnist,16,32,relu,0,pc,12,0.22572853458868236,paper_frozen_table,0.0014142135623730952,937,0.6122833333333333,0.6202,0.31226322514216104,0.30740731410980227,2.034082689666748,True,2.49,,,,,,,,,,,,,,,
mnist,16,32,relu,0,pc,16,0.22572853458868236,paper_frozen_table,0.0014142135623730952,937,0.6290166666666667,0.6379,0.30310100320180255,0.2979538901329041,2.0158741912841798,True,2.72,,,,,,,,,,,,,,,
mnist,16,32,relu,0,pc,24,0.22572853458868236,paper_frozen_table,0.0014142135623730952,937,0.69895,0.7066,0.26322448498408,0.2583726720809936,1.9388995185852052,True,3.57,,,,,,,,,,,,,,,
mnist,16,32,relu,0,pc,32,0.22572853458868236,paper_frozen_table,0.0014142135623730952,937,0.8452166666666666,0.8527,0.16666445566018423,0.1632686454296112,1.7489444179534912,True,4.22,512,0.004294601734727621,0.004294601734727621,1,0.013802879489958286,1,1,,0.0015537147410213947,0.0015537147410213947,1,0.006057744845747948,1,1,1
mnist,16,32,relu,0,pc,48,0.22572853458868236,paper_frozen_table,0.0014142135623730952,937,0.8743833333333333,0.8809,0.1438601364294688,0.14093172807693483,1.7039195190429688,True,6.06,,,,,,,,,,,,,,,
mnist,16,32,relu,0,pc,64,0.22572853458868236,paper_frozen_table,0.0014142135623730952,937,0.8743,0.8807,0.1439397692521413,0.14100465693473815,1.703629249382019,True,7.58,,,,,,,,,,,,,,,
mnist,16,32,relu,0,pcalm,1,0.22572853458868236,paper_frozen_table,0.0014142135623730952,937,0.47253333333333336,0.4874,0.3801066467444102,0.37781037392616273,2.1730894191741945,True,2.0,,,,,,,,,,,,,,,
mnist,16,32,relu,0,pcalm,2,0.22572853458868236,paper_frozen_table,0.0014142135623730952,937,0.50495,0.5203,0.36533483619689944,0.36216946873664857,2.144640733718872,True,1.66,,,,,,,,,,,,,,,
mnist,16,32,relu,0,pcalm,3,0.22572853458868236,paper_frozen_table,0.0014142135623730952,937,0.52995,0.5432,0.35411708312034607,0.3506212869644165,2.1215413513183594,True,2.03,,,,,,,,,,,,,,,
mnist,16,32,relu,0,pcalm,4,0.22572853458868236,paper_frozen_table,0.0014142135623730952,937,0.5485833333333333,0.5628,0.34502259476979574,0.3413105214118958,2.1021338451385496,True,2.24,,,,,,,,,,,,,,,
mnist,16,32,relu,0,pcalm,6,0.22572853458868236,paper_frozen_table,0.0014142135623730952,937,0.5797,0.5903,0.3299374598344167,0.32579013147354124,2.0706731269836425,True,2.43,,,,,,,,,,,,,,,
mnist,16,32,relu,0,pcalm,8,0.22572853458868236,paper_frozen_table,0.0014142135623730952,937,0.60675,0.6137,0.31514646736780805,0.31050561094284057,2.0418669387817383,True,2.9,,,,,,,,,,,,,,,
mnist,16,32,relu,0,pcalm,12,0.22572853458868236,paper_frozen_table,0.0014142135623730952,937,0.64395,0.6521,0.2933025852362315,0.288288346862793,2.000493522644043,True,3.33,,,,,,,,,,,,,,,
mnist,16,32,relu,0,pcalm,16,0.22572853458868236,paper_frozen_table,0.0014142135623730952,937,0.8310666666666666,0.8383,0.17635447742938995,0.17323170611858368,1.7712006452560425,True,3.77,,,,,,,,,,,,,,,
mnist,16,32,relu,0,pcalm,24,0.22572853458868236,paper_frozen_table,0.0014142135623730952,937,0.87605,0.8814,0.140789289577802,0.1378991958618164,1.7031226261138916,True,4.83,,,,,,,,,,,,,,,
mnist,16,32,relu,0,pcalm,32,0.22572853458868236,paper_frozen_table,0.0014142135623730952,937,0.8724333333333333,0.8777,0.14459150778452556,0.14147000043392183,1.711924127960205,True,5.96,512,0.004294601734727621,0.0006346214795485139,489,0.000668007938656956,1,1,6,0.0011952354107052088,0.0003421842702664435,408,0.00043082679621875286,1,1,1
mnist,16,32,relu,0,pcalm,48,0.22572853458868236,paper_frozen_table,0.0014142135623730952,937,0.87585,0.8779,0.14178148030440013,0.1389048629760742,1.704559320449829,True,8.75,,,,,,,,,,,,,,,
mnist,16,32,relu,0,pcalm,64,0.22572853458868236,paper_frozen_table,0.0014142135623730952,937,0.8811,0.8834,0.1366097850640615,0.1342409964799881,1.6942276210784912,True,10.68,,,,,,,,,,,,,,,
mnist,16,32,relu,1,bp,0,0.22572853458868236,paper_frozen_table,0.0014142135623730952,937,0.86965,0.8784,0.15141648445129394,0.14763969906568528,1.72417527179718,True,1.94,,,,,,,,,,,,,,,
mnist,16,32,relu,1,pc,1,0.22572853458868236,paper_frozen_table,0.0014142135623730952,937,0.40425,0.4141,0.39950866804122925,0.3997021821975708,2.2078767402648927,True,2.07,,,,,,,,,,,,,,,
mnist,16,32,relu,1,pc,2,0.22572853458868236,paper_frozen_table,0.0014142135623730952,937,0.4633333333333333,0.4717,0.3830172128677368,0.3820414022445679,2.1827930030822755,True,1.61,,,,,,,,,,,,,,,
mnist,16,32,relu,1,pc,3,0.22572853458868236,paper_frozen_table,0.0014142135623730952,937,0.5141666666666667,0.5278,0.3672756834983826,0.36515596261024474,2.154572002029419,True,1.63,,,,,,,,,,,,,,,
mnist,16,32,relu,1,pc,4,0.22572853458868236,paper_frozen_table,0.0014142135623730952,937,0.5489166666666667,0.5638,0.3550798309167226,0.352437486743927,2.1305971801757813,True,2.08,,,,,,,,,,,,,,,
mnist,16,32,relu,1,pc,6,0.22572853458868236,paper_frozen_table,0.0014142135623730952,937,0.5894333333333334,0.6034,0.33877960589726763,0.3356891154766083,2.0972911399841307,True,1.83,,,,,,,,,,,,,,,
mnist,16,32,relu,1,pc,8,0.22572853458868236,paper_frozen_table,0.0014142135623730952,937,0.60495,0.6186,0.3295799125035604,0.3262470744132996,2.0776796875,True,2.12,,,,,,,,,,,,,,,
mnist,16,32,relu,1,pc,12,0.22572853458868236,paper_frozen_table,0.0014142135623730952,937,0.6236833333333334,0.6389,0.31871157662073774,0.31517738981246946,2.0551272941589356,True,2.48,,,,,,,,,,,,,,,
mnist,16,32,relu,1,pc,16,0.22572853458868236,paper_frozen_table,0.0014142135623730952,937,0.6371833333333333,0.6514,0.31048302365938824,0.3070052268981934,2.038021091270447,True,2.93,,,,,,,,,,,,,,,
mnist,16,32,relu,1,pc,24,0.22572853458868236,paper_frozen_table,0.0014142135623730952,937,0.6964,0.7105,0.2728002761999766,0.26927308654785154,1.9632620388031006,True,3.62,,,,,,,,,,,,,,,
mnist,16,32,relu,1,pc,32,0.22572853458868236,paper_frozen_table,0.0014142135623730952,937,0.82855,0.8385,0.18818546624183655,0.1847949224948883,1.7995525482177734,True,4.35,512,0.005162154324352741,0.005162154324352741,1,0.016303351148962975,1,1,,0.0014124466106295586,0.0014124466106295586,1,0.005307192914187908,1,1,1
mnist,16,32,relu,1,pc,48,0.22572853458868236,paper_frozen_table,0.0014142135623730952,937,0.8619666666666667,0.8699,0.15716781017780304,0.15388796513080596,1.7384727951049805,True,5.7,,,,,,,,,,,,,,,
mnist,16,32,relu,1,pc,64,0.22572853458868236,paper_frozen_table,0.0014142135623730952,937,0.8643333333333333,0.8713,0.15514096262057622,0.15191054883003235,1.733672794342041,True,7.21,,,,,,,,,,,,,,,
mnist,16,32,relu,1,pcalm,1,0.22572853458868236,paper_frozen_table,0.0014142135623730952,937,0.40425,0.4141,0.39950866804122925,0.3997021821975708,2.2078767402648927,True,1.98,,,,,,,,,,,,,,,
mnist,16,32,relu,1,pcalm,2,0.22572853458868236,paper_frozen_table,0.0014142135623730952,937,0.46248333333333336,0.4713,0.38322567876180014,0.3823326683998108,2.1833185356140135,True,1.63,,,,,,,,,,,,,,,
mnist,16,32,relu,1,pcalm,3,0.22572853458868236,paper_frozen_table,0.0014142135623730952,937,0.5111166666666667,0.5261,0.3681004310766856,0.3661089340209961,2.156632553100586,True,1.92,,,,,,,,,,,,,,,
mnist,16,32,relu,1,pcalm,4,0.22572853458868236,paper_frozen_table,0.0014142135623730952,937,0.5463166666666667,0.5609,0.3557503444989522,0.35321663827896116,2.13278384437561,True,1.88,,,,,,,,,,,,,,,
mnist,16,32,relu,1,pcalm,6,0.22572853458868236,paper_frozen_table,0.0014142135623730952,937,0.5915833333333333,0.6047,0.3369325811227163,0.333835306596756,2.0947624450683593,True,2.31,,,,,,,,,,,,,,,
mnist,16,32,relu,1,pcalm,8,0.22572853458868236,paper_frozen_table,0.0014142135623730952,937,0.61545,0.633,0.32214747829437257,0.3186294617652893,2.063923676300049,True,2.64,,,,,,,,,,,,,,,
mnist,16,32,relu,1,pcalm,12,0.22572853458868236,paper_frozen_table,0.0014142135623730952,937,0.6466833333333334,0.6606,0.3024968589782715,0.29889646639823914,2.023603719711304,True,3.25,,,,,,,,,,,,,,,
mnist,16,32,relu,1,pcalm,16,0.22572853458868236,paper_frozen_table,0.0014142135623730952,937,0.8085,0.8211,0.19928688193957012,0.19536569278240204,1.8191333778381347,True,3.77,,,,,,,,,,,,,,,
mnist,16,32,relu,1,pcalm,24,0.22572853458868236,paper_frozen_table,0.0014142135623730952,937,0.8628666666666667,0.8694,0.15508776439825694,0.1517154779791832,1.738382421875,True,5.13,,,,,,,,,,,,,,,
mnist,16,32,relu,1,pcalm,32,0.22572853458868236,paper_frozen_table,0.0014142135623730952,937,0.86125,0.8699,0.15730022873083752,0.1537042521238327,1.7455615812301635,True,5.99,512,0.005162154324352741,0.0008235993445850909,89,0.0009264507098123431,1,1,8,0.0012226139660924673,0.00034081508056260645,492,0.0003527606895659119,1,1,1
mnist,16,32,relu,1,pcalm,48,0.22572853458868236,paper_frozen_table,0.0014142135623730952,937,0.8631333333333333,0.8712,0.14965185435215633,0.1462756838798523,1.7303276079177856,True,8.37,,,,,,,,,,,,,,,
mnist,16,32,relu,1,pcalm,64,0.22572853458868236,paper_frozen_table,0.0014142135623730952,937,0.8637166666666667,0.8708,0.1566094535748164,0.15238725605010986,1.7378767986297607,True,10.45,,,,,,,,,,,,,,,
mnist,16,32,relu,2,bp,0,0.22572853458868236,paper_frozen_table,0.0014142135623730952,937,0.87315,0.8792,0.15103366067409515,0.14727140889167786,1.7295992124557495,True,1.87,,,,,,,,,,,,,,,
mnist,16,32,relu,2,pc,1,0.22572853458868236,paper_frozen_table,0.0014142135623730952,937,0.38125,0.3806,0.4070372362454732,0.40726312103271484,2.208850289916992,True,1.88,,,,,,,,,,,,,,,
mnist,16,32,relu,2,pc,2,0.22572853458868236,paper_frozen_table,0.0014142135623730952,937,0.4301,0.4318,0.3933871215979258,0.3935746988773346,2.1892574901580812,True,1.54,,,,,,,,,,,,,,,
mnist,16,32,relu,2,pc,3,0.22572853458868236,paper_frozen_table,0.0014142135623730952,937,0.4701666666666667,0.471,0.38181014885902403,0.38203116402626036,2.170437787246704,True,1.66,,,,,,,,,,,,,,,
mnist,16,32,relu,2,pc,4,0.22572853458868236,paper_frozen_table,0.0014142135623730952,937,0.5040166666666667,0.506,0.37085263697306314,0.3710311629772186,2.151162412261963,True,1.65,,,,,,,,,,,,,,,
mnist,16,32,relu,2,pc,6,0.22572853458868236,paper_frozen_table,0.0014142135623730952,937,0.5501333333333334,0.5547,0.3556814608573914,0.35572843766212464,2.1224761779785157,True,1.87,,,,,,,,,,,,,,,
mnist,16,32,relu,2,pc,8,0.22572853458868236,paper_frozen_table,0.0014142135623730952,937,0.5752166666666667,0.5764,0.34664135770797727,0.34645943183898925,2.104739421081543,True,2.04,,,,,,,,,,,,,,,
mnist,16,32,relu,2,pc,12,0.22572853458868236,paper_frozen_table,0.0014142135623730952,937,0.6038833333333333,0.6129,0.33418949626286826,0.3333777226448059,2.079830354690552,True,2.6,,,,,,,,,,,,,,,
mnist,16,32,relu,2,pc,16,0.22572853458868236,paper_frozen_table,0.0014142135623730952,937,0.6189333333333333,0.6278,0.32550049859682717,0.32417209515571593,2.06216785697937,True,2.87,,,,,,,,,,,,,,,
mnist,16,32,relu,2,pc,24,0.22572853458868236,paper_frozen_table,0.0014142135623730952,937,0.6858333333333333,0.6977,0.284933434677124,0.2824168829917908,1.985344217300415,True,3.65,,,,,,,,,,,,,,,
mnist,16,32,relu,2,pc,32,0.22572853458868236,paper_frozen_table,0.0014142135623730952,937,0.8381166666666666,0.849,0.18579179044564564,0.18120728759765625,1.7947032991409302,True,4.67,512,0.005381926894187927,0.005381926894187927,1,0.016590692102909088,1,1,,0.0017039628000929952,0.0017039628000929952,1,0.0073553877882659435,1,1,1
mnist,16,32,relu,2,pc,48,0.22572853458868236,paper_frozen_table,0.0014142135623730952,937,0.8678666666666667,0.8738,0.15836792090336482,0.15431957666873933,1.7415720649719237,True,6.19,,,,,,,,,,,,,,,
mnist,16,32,relu,2,pc,64,0.22572853458868236,paper_frozen_table,0.0014142135623730952,937,0.8688333333333333,0.8755,0.1567658755103747,0.1527095561027527,1.7368793531417848,True,7.78,,,,,,,,,,,,,,,
mnist,16,32,relu,2,pcalm,1,0.22572853458868236,paper_frozen_table,0.0014142135623730952,937,0.38125,0.3806,0.4070372362454732,0.40726312103271484,2.208850289916992,True,1.98,,,,,,,,,,,,,,,
mnist,16,32,relu,2,pcalm,2,0.22572853458868236,paper_frozen_table,0.0014142135623730952,937,0.4308666666666667,0.4339,0.39319137771924334,0.3933575881958008,2.1890653465270997,True,1.61,,,,,,,,,,,,,,,
mnist,16,32,relu,2,pcalm,3,0.22572853458868236,paper_frozen_table,0.0014142135623730952,937,0.46991666666666665,0.4707,0.382004239877065,0.38223394355773926,2.171263368988037,True,1.94,,,,,,,,,,,,,,,
mnist,16,32,relu,2,pcalm,4,0.22572853458868236,paper_frozen_table,0.0014142135623730952,937,0.5039,0.5059,0.3710964664300283,0.37129523406028747,2.1524477031707763,True,1.92,,,,,,,,,,,,,,,
mnist,16,32,relu,2,pcalm,6,0.22572853458868236,paper_frozen_table,0.0014142135623730952,937,0.5576333333333333,0.5633,0.35298051184018453,0.35305458736419676,2.118812982940674,True,2.28,,,,,,,,,,,,,,,
mnist,16,32,relu,2,pcalm,8,0.22572853458868236,paper_frozen_table,0.0014142135623730952,937,0.5945666666666667,0.6027,0.3373824822425842,0.33689330186843874,2.088448664855957,True,2.56,,,,,,,,,,,,,,,
mnist,16,32,relu,2,pcalm,12,0.22572853458868236,paper_frozen_table,0.0014142135623730952,937,0.63175,0.6387,0.315783819103241,0.31427552833557126,2.046537717437744,True,3.09,,,,,,,,,,,,,,,
mnist,16,32,relu,2,pcalm,16,0.22572853458868236,paper_frozen_table,0.0014142135623730952,937,0.81785,0.8299,0.1993586208820343,0.19504899559020997,1.8253115896224976,True,3.72,,,,,,,,,,,,,,,
mnist,16,32,relu,2,pcalm,24,0.22572853458868236,paper_frozen_table,0.0014142135623730952,937,0.8696666666666667,0.8759,0.15586860899130503,0.1518336925983429,1.7421501497268677,True,4.9,,,,,,,,,,,,,,,
mnist,16,32,relu,2,pcalm,32,0.22572853458868236,paper_frozen_table,0.0014142135623730952,937,0.8668833333333333,0.8739,0.15827660882075628,0.1539760552406311,1.7471019927978515,True,5.99,512,0.005381926894187927,0.000787221419159323,512,0.000787221419159323,1,1,10,0.001502161263488233,0.00035753645352087915,493,0.0003682085662148893,1,1,1
mnist,16,32,relu,2,pcalm,48,0.22572853458868236,paper_frozen_table,0.0014142135623730952,937,0.8652166666666666,0.8717,0.15859993366797764,0.15409536983966826,1.7471925579071046,True,8.67,,,,,,,,,,,,,,,
mnist,16,32,relu,2,pcalm,64,0.22572853458868236,paper_frozen_table,0.0014142135623730952,937,0.86915,0.8781,0.15567196242809295,0.1514728061199188,1.7380985984802246,True,11.12,,,,,,,,,,,,,,,
mnist,16,32,relu,3,bp,0,0.22572853458868236,paper_frozen_table,0.0014142135623730952,937,0.8766166666666667,0.8825,0.14057820227940876,0.1375243704199791,1.7026642822265625,True,1.94,,,,,,,,,,,,,,,
mnist,16,32,relu,3,pc,1,0.22572853458868236,paper_frozen_table,0.0014142135623730952,937,0.4303666666666667,0.4342,0.3942089991092682,0.39298614625930783,2.200197829437256,True,1.94,,,,,,,,,,,,,,,
mnist,16,32,relu,3,pc,2,0.22572853458868236,paper_frozen_table,0.0014142135623730952,937,0.5033333333333333,0.5097,0.3753988773028056,0.3736117784500122,2.16685965423584,True,1.58,,,,,,,,,,,,,,,
mnist,16,32,relu,3,pc,3,0.22572853458868236,paper_frozen_table,0.0014142135623730952,937,0.5369166666666667,0.5475,0.36099231009483335,0.3586290991783142,2.137383925628662,True,1.57,,,,,,,,,,,,,,,
mnist,16,32,relu,3,pc,4,0.22572853458868236,paper_frozen_table,0.0014142135623730952,937,0.5587333333333333,0.57,0.3498163285732269,0.3470261706352234,2.1141261791229247,True,1.69,,,,,,,,,,,,,,,
mnist,16,32,relu,3,pc,6,0.22572853458868236,paper_frozen_table,0.0014142135623730952,937,0.5859,0.6033,0.33448156617482505,0.3310032968044281,2.082402628707886,True,1.86,,,,,,,,,,,,,,,
mnist,16,32,relu,3,pc,8,0.22572853458868236,paper_frozen_table,0.0014142135623730952,937,0.5984833333333334,0.6137,0.32627460085550947,0.32251219453811647,2.0658378211975097,True,2.22,,,,,,,,,,,,,,,
mnist,16,32,relu,3,pc,12,0.22572853458868236,paper_frozen_table,0.0014142135623730952,937,0.6165,0.6292,0.3140197245279948,0.3100428619384766,2.0412224971771242,True,2.57,,,,,,,,,,,,,,,
mnist,16,32,relu,3,pc,16,0.22572853458868236,paper_frozen_table,0.0014142135623730952,937,0.6284166666666666,0.6399,0.3054457686106364,0.30129834146499634,2.023329532623291,True,2.98,,,,,,,,,,,,,,,
mnist,16,32,relu,3,pc,24,0.22572853458868236,paper_frozen_table,0.0014142135623730952,937,0.7044,0.7169,0.2639339941501617,0.25932466340065,1.9439721057891846,True,3.88,,,,,,,,,,,,,,,
mnist,16,32,relu,3,pc,32,0.22572853458868236,paper_frozen_table,0.0014142135623730952,937,0.8356166666666667,0.8436,0.17923848512967427,0.17477385432720186,1.778429225540161,True,4.58,512,0.005350260529667139,0.005350260529667139,1,0.017570387572050095,1,1,,0.0016161740059033036,0.0016161740059033036,1,0.007089800667017698,1,1,1
mnist,16,32,relu,3,pc,48,0.22572853458868236,paper_frozen_table,0.0014142135623730952,937,0.8630666666666666,0.8709,0.15675847822030387,0.15275168256759644,1.734976598739624,True,6.15,,,,,,,,,,,,,,,
mnist,16,32,relu,3,pc,64,0.22572853458868236,paper_frozen_table,0.0014142135623730952,937,0.8630666666666666,0.87,0.15797967155774434,0.15403083629608155,1.7365865432739258,True,7.95,,,,,,,,,,,,,,,
mnist,16,32,relu,3,pcalm,1,0.22572853458868236,paper_frozen_table,0.0014142135623730952,937,0.4303666666666667,0.4342,0.3942089991092682,0.39298614625930783,2.200197829437256,True,1.91,,,,,,,,,,,,,,,
mnist,16,32,relu,3,pcalm,2,0.22572853458868236,paper_frozen_table,0.0014142135623730952,937,0.5034,0.5085,0.37551335430145266,0.37374413485527036,2.1670669761657715,True,1.74,,,,,,,,,,,,,,,
mnist,16,32,relu,3,pcalm,3,0.22572853458868236,paper_frozen_table,0.0014142135623730952,937,0.5369166666666667,0.5468,0.36116655626296995,0.3588037923336029,2.1381375366210937,True,1.93,,,,,,,,,,,,,,,
mnist,16,32,relu,3,pcalm,4,0.22572853458868236,paper_frozen_table,0.0014142135623730952,937,0.5587666666666666,0.5696,0.3499011762142181,0.3471154419898987,2.115075497817993,True,1.99,,,,,,,,,,,,,,,
mnist,16,32,relu,3,pcalm,6,0.22572853458868236,paper_frozen_table,0.0014142135623730952,937,0.5901166666666666,0.607,0.3317808212280273,0.3282132375240326,2.078285095977783,True,2.42,,,,,,,,,,,,,,,
mnist,16,32,relu,3,pcalm,8,0.22572853458868236,paper_frozen_table,0.0014142135623730952,937,0.6114333333333334,0.6258,0.31706456967989605,0.31316078453063967,2.0497813346862794,True,2.64,,,,,,,,,,,,,,,
mnist,16,32,relu,3,pcalm,12,0.22572853458868236,paper_frozen_table,0.0014142135623730952,937,0.63845,0.6534,0.29736975857416786,0.29314747858047485,2.009930186462402,True,3.21,,,,,,,,,,,,,,,
mnist,16,32,relu,3,pcalm,16,0.22572853458868236,paper_frozen_table,0.0014142135623730952,937,0.8235166666666667,0.8317,0.18629799334208172,0.18162018618583678,1.7935032554626464,True,3.97,,,,,,,,,,,,,,,
mnist,16,32,relu,3,pcalm,24,0.22572853458868236,paper_frozen_table,0.0014142135623730952,937,0.8654,0.8713,0.15468050785859425,0.15078883922100067,1.7341292636871337,True,5.28,,,,,,,,,,,,,,,
mnist,16,32,relu,3,pcalm,32,0.22572853458868236,paper_frozen_table,0.0014142135623730952,937,0.8621833333333333,0.8666,0.16245005791187286,0.15913238841295244,1.7510107696533204,True,6.31,512,0.005350260529667139,0.000916742836125195,87,0.0011619578581303358,1,1,10,0.001303638331592083,0.0003620130300987512,512,0.0003620130300987512,1,1,1
mnist,16,32,relu,3,pcalm,48,0.22572853458868236,paper_frozen_table,0.0014142135623730952,937,0.8622666666666666,0.8707,0.15878410777250926,0.15554400844573973,1.746185064315796,True,8.91,,,,,,,,,,,,,,,
mnist,16,32,relu,3,pcalm,64,0.22572853458868236,paper_frozen_table,0.0014142135623730952,937,0.8666833333333334,0.877,0.14824271601835887,0.14471037769317627,1.7194323534011842,True,11.61,,,,,,,,,,,,,,,
mnist,16,32,relu,4,bp,0,0.22572853458868236,paper_frozen_table,0.0014142135623730952,937,0.8806833333333334,0.8843,0.13774223467111588,0.13384325680732728,1.6993495288848877,True,1.9,,,,,,,,,,,,,,,
mnist,16,32,relu,4,pc,1,0.22572853458868236,paper_frozen_table,0.0014142135623730952,937,0.41005,0.4062,0.4014641490618388,0.40040440521240234,2.210825801086426,True,2.02,,,,,,,,,,,,,,,
mnist,16,32,relu,4,pc,2,0.22572853458868236,paper_frozen_table,0.0014142135623730952,937,0.44656666666666667,0.4471,0.38276258188883466,0.3813509959220886,2.17907779045105,True,1.68,,,,,,,,,,,,,,,
mnist,16,32,relu,4,pc,3,0.22572853458868236,paper_frozen_table,0.0014142135623730952,937,0.47978333333333334,0.4775,0.36519793863296507,0.3633169178009033,2.1448914779663086,True,1.65,,,,,,,,,,,,,,,
mnist,16,32,relu,4,pc,4,0.22572853458868236,paper_frozen_table,0.0014142135623730952,937,0.5083666666666666,0.5103,0.35202750144004824,0.3497293817520142,2.117068398666382,True,1.75,,,,,,,,,,,,,,,
mnist,16,32,relu,4,pc,6,0.22572853458868236,paper_frozen_table,0.0014142135623730952,937,0.5464833333333333,0.5536,0.33644983191490174,0.33359330463409426,2.082172526550293,True,1.89,,,,,,,,,,,,,,,
mnist,16,32,relu,4,pc,8,0.22572853458868236,paper_frozen_table,0.0014142135623730952,937,0.5679333333333333,0.5757,0.32855977891286214,0.3254665555000305,2.0642703968048095,True,2.13,,,,,,,,,,,,,,,
mnist,16,32,relu,4,pc,12,0.22572853458868236,paper_frozen_table,0.0014142135623730952,937,0.5966166666666667,0.6048,0.31798169361750284,0.3146347991466522,2.040853553009033,True,2.48,,,,,,,,,,,,,,,
mnist,16,32,relu,4,pc,16,0.22572853458868236,paper_frozen_table,0.0014142135623730952,937,0.6151,0.6215,0.3105207465171814,0.30714978995323183,2.0249669578552245,True,3.0,,,,,,,,,,,,,,,
mnist,16,32,relu,4,pc,24,0.22572853458868236,paper_frozen_table,0.0014142135623730952,937,0.69715,0.7061,0.2717627210299174,0.2681336272239685,1.9517103931427002,True,3.59,,,,,,,,,,,,,,,
mnist,16,32,relu,4,pc,32,0.22572853458868236,paper_frozen_table,0.0014142135623730952,937,0.8384166666666667,0.8479,0.17938159245649973,0.17492052154541016,1.7787941549301147,True,4.73,512,0.0047216871753335,0.0047216871753335,1,0.01538343820720911,1,1,,0.0016395158600062132,0.0016395158600062132,1,0.006612260825932026,1,1,1
mnist,16,32,relu,4,pc,48,0.22572853458868236,paper_frozen_table,0.0014142135623730952,937,0.8697,0.8758,0.15731783029238383,0.15356835174560546,1.7339924613952638,True,6.37,,,,,,,,,,,,,,,
mnist,16,32,relu,4,pc,64,0.22572853458868236,paper_frozen_table,0.0014142135623730952,937,0.8703166666666666,0.8748,0.15716311786174775,0.15351926684379577,1.7326124521255493,True,8.19,,,,,,,,,,,,,,,
mnist,16,32,relu,4,pcalm,1,0.22572853458868236,paper_frozen_table,0.0014142135623730952,937,0.41005,0.4062,0.4014641490618388,0.40040440521240234,2.210825801086426,True,2.15,,,,,,,,,,,,,,,
mnist,16,32,relu,4,pcalm,2,0.22572853458868236,paper_frozen_table,0.0014142135623730952,937,0.44635,0.4467,0.3828612682819367,0.3814947658538818,2.179479926300049,True,1.63,,,,,,,,,,,,,,,
mnist,16,32,relu,4,pcalm,3,0.22572853458868236,paper_frozen_table,0.0014142135623730952,937,0.47868333333333335,0.4764,0.3656395608584086,0.36379226961135863,2.1463273162841796,True,1.98,,,,,,,,,,,,,,,
mnist,16,32,relu,4,pcalm,4,0.22572853458868236,paper_frozen_table,0.0014142135623730952,937,0.50785,0.5091,0.3523292775472005,0.3500661247253418,2.118659787750244,True,2.15,,,,,,,,,,,,,,,
mnist,16,32,relu,4,pcalm,6,0.22572853458868236,paper_frozen_table,0.0014142135623730952,937,0.5533666666666667,0.5606,0.3335423799196879,0.3306313361167908,2.0774880012512207,True,2.36,,,,,,,,,,,,,,,
mnist,16,32,relu,4,pcalm,8,0.22572853458868236,paper_frozen_table,0.0014142135623730952,937,0.5890333333333333,0.5961,0.3205708828131358,0.3172849801540375,2.0490631301879882,True,2.84,,,,,,,,,,,,,,,
mnist,16,32,relu,4,pcalm,12,0.22572853458868236,paper_frozen_table,0.0014142135623730952,937,0.6292333333333333,0.6318,0.3033166027069092,0.3000124989509583,2.0144838233947753,True,3.41,,,,,,,,,,,,,,,
mnist,16,32,relu,4,pcalm,16,0.22572853458868236,paper_frozen_table,0.0014142135623730952,937,0.8199166666666666,0.8303,0.1896416993220647,0.1847763237476349,1.7986396144866943,True,3.9,,,,,,,,,,,,,,,
mnist,16,32,relu,4,pcalm,24,0.22572853458868236,paper_frozen_table,0.0014142135623730952,937,0.8713666666666666,0.8776,0.15524035886128743,0.1516133573770523,1.7352709327697753,True,5.19,,,,,,,,,,,,,,,
mnist,16,32,relu,4,pcalm,32,0.22572853458868236,paper_frozen_table,0.0014142135623730952,937,0.8685,0.8727,0.1590450385729472,0.15578601784706117,1.7441125267028807,True,6.5,512,0.0047216871753335,0.0007009093533270061,494,0.0007558801444247365,1,1,8,0.0012886194745078683,0.0003073257685173303,510,0.00030800083186477423,1,1,1
mnist,16,32,relu,4,pcalm,48,0.22572853458868236,paper_frozen_table,0.0014142135623730952,937,0.8687333333333334,0.8737,0.15483667099475862,0.15117848353385926,1.7338397184371948,True,9.14,,,,,,,,,,,,,,,
mnist,16,32,relu,4,pcalm,64,0.22572853458868236,paper_frozen_table,0.0014142135623730952,937,0.877,0.8813,0.1450521510362625,0.14104691689014434,1.713328728866577,True,12.39,,,,,,,,,,,,,,,
mnist,32,32,relu,0,bp,0,0.2358746556590083,paper_frozen_table,0.001,937,0.86735,0.8739,0.15479401755332947,0.15037550110816955,1.7318578935623168,True,2.26,,,,,,,,,,,,,,,
mnist,32,32,relu,0,pc,1,0.2358746556590083,paper_frozen_table,0.001,937,0.38271666666666665,0.3742,0.40874831357002256,0.40908706789016724,2.215664203643799,True,2.64,,,,,,,,,,,,,,,
mnist,32,32,relu,0,pc,2,0.2358746556590083,paper_frozen_table,0.001,937,0.42086666666666667,0.4169,0.3999637716770172,0.3999497518539429,2.2029142284393313,True,2.02,,,,,,,,,,,,,,,
mnist,32,32,relu,0,pc,3,0.2358746556590083,paper_frozen_table,0.001,937,0.451,0.4472,0.39119386100769044,0.39079073138236997,2.189088356781006,True,2.21,,,,,,,,,,,,,,,
mnist,32,32,relu,0,pc,4,0.2358746556590083,paper_frozen_table,0.001,937,0.47431666666666666,0.471,0.3834196969985962,0.3827598848342896,2.1759241477966307,True,2.36,,,,,,,,,,,,,,,
mnist,32,32,relu,0,pc,6,0.2358746556590083,paper_frozen_table,0.001,937,0.5050833333333333,0.5025,0.37116493886311847,0.3701445614337921,2.1533989448547364,True,2.81,,,,,,,,,,,,,,,
mnist,32,32,relu,0,pc,8,0.2358746556590083,paper_frozen_table,0.001,937,0.5206666666666667,0.5179,0.36385444242159526,0.36260774450302125,2.139100759124756,True,3.3,,,,,,,,,,,,,,,
mnist,32,32,relu,0,pc,12,0.2358746556590083,paper_frozen_table,0.001,937,0.5404166666666667,0.5436,0.35323025862375895,0.3515945592880249,2.116986979675293,True,3.83,,,,,,,,,,,,,,,
mnist,32,32,relu,0,pc,16,0.2358746556590083,paper_frozen_table,0.001,937,0.5558833333333333,0.5602,0.34542991236050924,0.3434837013721466,2.1004065731048582,True,4.45,,,,,,,,,,,,,,,
mnist,32,32,relu,0,pc,24,0.2358746556590083,paper_frozen_table,0.001,937,0.5778333333333333,0.5846,0.3341342662811279,0.33182454614639284,2.0767430114746093,True,5.77,,,,,,,,,,,,,,,
mnist,32,32,relu,0,pc,32,0.2358746556590083,paper_frozen_table,0.001,937,0.5919666666666666,0.5951,0.3262670863310496,0.3237735149383545,2.059905861663818,True,7.42,,,,,,,,,,,,,,,
mnist,32,32,relu,0,pc,48,0.2358746556590083,paper_frozen_table,0.001,937,0.6120833333333333,0.6205,0.3154303494294484,0.31254017124176026,2.036248469543457,True,10.72,,,,,,,,,,,,,,,
mnist,32,32,relu,0,pc,64,0.2358746556590083,paper_frozen_table,0.001,937,0.6269333333333333,0.6334,0.30783501092592874,0.30473336305618287,2.020139080619812,True,13.02,512,0.004058951046317816,0.004058951046317816,1,0.012292222119867802,1,1,,0.0027020256966352463,0.0027020256966352463,1,0.007311362773180008,1,1,1
mnist,32,32,relu,0,pc,96,0.2358746556590083,paper_frozen_table,0.001,937,0.6774833333333333,0.6878,0.28227613417307534,0.2788063402175903,1.9698755264282226,True,19.47,,,,,,,,,,,,,,,
mnist,32,32,relu,0,pc,128,0.2358746556590083,paper_frozen_table,0.001,937,0.8189166666666666,0.826,0.19983261349201203,0.1957147572040558,1.81047264919281,True,26.11,,,,,,,,,,,,,,,
mnist,32,32,relu,0,pc,192,0.2358746556590083,paper_frozen_table,0.001,937,0.8538666666666667,0.8577,0.17176493323644001,0.16805210146903993,1.7579823623657227,True,150.54,,,,,,,,,,,,,,,
mnist,32,32,relu,0,pc,256,0.2358746556590083,paper_frozen_table,0.001,937,0.85525,0.8596,0.17035715537865956,0.16679018318653108,1.7521129892349243,True,179.15,,,,,,,,,,,,,,,
mnist,32,32,relu,0,pc,384,0.2358746556590083,paper_frozen_table,0.001,937,0.8550666666666666,0.8605,0.17099928359190622,0.16741301708221434,1.7466573808670045,True,268.89,,,,,,,,,,,,,,,
mnist,32,32,relu,0,pc,512,0.2358746556590083,paper_frozen_table,0.001,937,0.8547666666666667,0.8592,0.17076924839814503,0.16693943071365355,1.7385320331573486,True,354.9,,,,,,,,,,,,,,,
mnist,32,32,relu,0,pcalm,1,0.2358746556590083,paper_frozen_table,0.001,937,0.38271666666666665,0.3742,0.40874831357002256,0.40908706789016724,2.215664203643799,True,2.64,,,,,,,,,,,,,,,
mnist,32,32,relu,0,pcalm,2,0.2358746556590083,paper_frozen_table,0.001,937,0.421,0.4169,0.3999683748245239,0.3999622946739197,2.2030251628875734,True,2.34,,,,,,,,,,,,,,,
mnist,32,32,relu,0,pcalm,3,0.2358746556590083,paper_frozen_table,0.001,937,0.45108333333333334,0.4476,0.39125028200149536,0.39084933319091797,2.189510034942627,True,2.94,,,,,,,,,,,,,,,
mnist,32,32,relu,0,pcalm,4,0.2358746556590083,paper_frozen_table,0.001,937,0.47481666666666666,0.4704,0.3833389678001404,0.38266780686378477,2.176376971435547,True,3.15,,,,,,,,,,,,,,,
mnist,32,32,relu,0,pcalm,6,0.2358746556590083,paper_frozen_table,0.001,937,0.5112666666666666,0.5091,0.3686380611737569,0.36751153030395506,2.149792980194092,True,3.6,,,,,,,,,,,,,,,
mnist,32,32,relu,0,pcalm,8,0.2358746556590083,paper_frozen_table,0.001,937,0.5360666666666667,0.5381,0.3557795342922211,0.3542504567146301,2.124290731048584,True,4.24,,,,,,,,,,,,,,,
mnist,32,32,relu,0,pcalm,12,0.2358746556590083,paper_frozen_table,0.001,937,0.5719,0.5783,0.3374921660423279,0.33528635649681093,2.087007963562012,True,5.28,,,,,,,,,,,,,,,
mnist,32,32,relu,0,pcalm,16,0.2358746556590083,paper_frozen_table,0.001,937,0.5932,0.597,0.3251647355397542,0.3226339030265808,2.0625567970275878,True,7.0,,,,,,,,,,,,,,,
mnist,32,32,relu,0,pcalm,24,0.2358746556590083,paper_frozen_table,0.001,937,0.6239,0.6276,0.307784539492925,0.3045993737220764,2.028239144897461,True,9.29,,,,,,,,,,,,,,,
mnist,32,32,relu,0,pcalm,32,0.2358746556590083,paper_frozen_table,0.001,937,0.6498,0.6544,0.2936367276350657,0.28992206077575683,2.0017288036346437,True,11.01,,,,,,,,,,,,,,,
mnist,32,32,relu,0,pcalm,48,0.2358746556590083,paper_frozen_table,0.001,937,0.8587833333333333,0.8633,0.16747046868801116,0.16378860812187196,1.7604465349197387,True,15.69,,,,,,,,,,,,,,,
mnist,32,32,relu,0,pcalm,64,0.2358746556590083,paper_frozen_table,0.001,937,0.85595,0.8628,0.1710160425345103,0.16742127017974853,1.7698399055480958,True,20.81,512,0.004058951046317816,0.00045253607095219195,172,0.0005140892462804914,1,1,5,0.0012149494141340256,0.00022343741147778928,489,0.0002243513154098764,1,1,1
mnist,32,32,relu,0,pcalm,96,0.2358746556590083,paper_frozen_table,0.001,937,0.8586833333333334,0.8633,0.1679097648302714,0.16378286716938018,1.7630154489517211,True,29.4,,,,,,,,,,,,,,,
mnist,32,32,relu,0,pcalm,128,0.2358746556590083,paper_frozen_table,0.001,937,0.86415,0.87,0.16153279274304708,0.15696676664352416,1.7477108940124513,True,37.99,,,,,,,,,,,,,,,
mnist,32,32,relu,0,pcalm,192,0.2358746556590083,paper_frozen_table,0.001,937,0.86,0.8704,0.16070586059888203,0.15610779750347137,1.741750892829895,True,230.37,,,,,,,,,,,,,,,
mnist,32,32,relu,0,pcalm,256,0.2358746556590083,paper_frozen_table,0.001,937,0.8425333333333334,0.8554,0.16920799713134765,0.1642698483467102,1.7547987712860107,True,314.95,,,,,,,,,,,,,,,
mnist,32,32,relu,0,pcalm,384,0.2358746556590083,paper_frozen_table,0.001,937,0.82995,0.834,0.19728547498385113,0.19355891380310059,1.8175982627868652,True,408.47,,,,,,,,,,,,,,,
mnist,32,32,relu,0,pcalm,512,0.2358746556590083,paper_frozen_table,0.001,937,0.8362,0.8477,0.1919665978272756,0.18663322701454163,1.8116344591140747,True,514.64,,,,,,,,,,,,,,,
mnist,32,32,relu,1,bp,0,0.2358746556590083,paper_frozen_table,0.001,937,0.8371833333333333,0.8395,0.1698226135412852,0.16799289832115175,1.7636596735000611,True,2.32,,,,,,,,,,,,,,,
mnist,32,32,relu,1,pc,1,0.2358746556590083,paper_frozen_table,0.001,937,0.27408333333333335,0.2789,0.4374445456504822,0.43691017360687256,2.236753161239624,True,2.52,,,,,,,,,,,,,,,
mnist,32,32,relu,1,pc,2,0.2358746556590083,paper_frozen_table,0.001,937,0.3161,0.3238,0.4260839434305827,0.42511519527435304,2.222647887420654,True,2.23,,,,,,,,,,,,,,,
mnist,32,32,relu,1,pc,3,0.2358746556590083,paper_frozen_table,0.001,937,0.35888333333333333,0.3673,0.415555454826355,0.4142326804637909,2.2097206546783448,True,2.41,,,,,,,,,,,,,,,
mnist,32,32,relu,1,pc,4,0.2358746556590083,paper_frozen_table,0.001,937,0.3934666666666667,0.4013,0.4061443772792816,0.4044441556453705,2.197998948287964,True,2.51,,,,,,,,,,,,,,,
mnist,32,32,relu,1,pc,6,0.2358746556590083,paper_frozen_table,0.001,937,0.44111666666666666,0.4477,0.39232908871968586,0.3902263625621796,2.178843758773804,True,2.8,,,,,,,,,,,,,,,
mnist,32,32,relu,1,pc,8,0.2358746556590083,paper_frozen_table,0.001,937,0.4642,0.4712,0.3845852523803711,0.3823723343849182,2.167054595184326,True,3.2,,,,,,,,,,,,,,,
mnist,32,32,relu,1,pc,12,0.2358746556590083,paper_frozen_table,0.001,937,0.49065,0.4996,0.3744784578959147,0.3719989054679871,2.150298613357544,True,4.09,,,,,,,,,,,,,,,
mnist,32,32,relu,1,pc,16,0.2358746556590083,paper_frozen_table,0.001,937,0.5064666666666666,0.5177,0.36725319267908735,0.364596995306015,2.1374344291687013,True,4.77,,,,,,,,,,,,,,,
mnist,32,32,relu,1,pc,24,0.2358746556590083,paper_frozen_table,0.001,937,0.5292166666666667,0.5393,0.3563592662493388,0.3534669276714325,2.1170701858520506,True,6.4,,,,,,,,,,,,,,,
mnist,32,32,relu,1,pc,32,0.2358746556590083,paper_frozen_table,0.001,937,0.5471,0.5573,0.3476670712629954,0.34446016426086423,2.100059083557129,True,7.63,,,,,,,,,,,,,,,
mnist,32,32,relu,1,pc,48,0.2358746556590083,paper_frozen_table,0.001,937,0.5732333333333334,0.5858,0.334304462146759,0.33068862924575804,2.072366082382202,True,10.66,,,,,,,,,,,,,,,
mnist,32,32,relu,1,pc,64,0.2358746556590083,paper_frozen_table,0.001,937,0.5926166666666667,0.6042,0.32472615156173706,0.320922642326355,2.0518508666992186,True,13.18,512,0.0053628720343112946,0.0053628720343112946,1,0.016256432980298996,1,1,,0.0022259007673710585,0.0022259007673710585,1,0.0063213082030415535,1,1,1
mnist,32,32,relu,1,pc,96,0.2358746556590083,paper_frozen_table,0.001,937,0.63275,0.6445,0.298149547624588,0.29401054096221924,1.9982030799865722,True,19.16,,,,,,,,,,,,,,,
mnist,32,32,relu,1,pc,128,0.2358746556590083,paper_frozen_table,0.001,937,0.7686,0.7722,0.21644329845110574,0.21318647644519806,1.846992272567749,True,24.48,,,,,,,,,,,,,,,
mnist,32,32,relu,1,pc,192,0.2358746556590083,paper_frozen_table,0.001,937,0.8215666666666667,0.8272,0.18597352033456166,0.1830473867893219,1.7872976757049561,True,150.7,,,,,,,,,,,,,,,
mnist,32,32,relu,1,pc,256,0.2358746556590083,paper_frozen_table,0.001,937,0.8251666666666667,0.8305,0.18507267862955729,0.1821538691520691,1.7811785291671753,True,191.74,,,,,,,,,,,,,,,
mnist,32,32,relu,1,pc,384,0.2358746556590083,paper_frozen_table,0.001,937,0.8280666666666666,0.8332,0.18558088103135426,0.18259201099872588,1.774034331893921,True,288.6,,,,,,,,,,,,,,,
mnist,32,32,relu,1,pc,512,0.2358746556590083,paper_frozen_table,0.001,937,0.8285333333333333,0.8365,0.18728497542540232,0.1839544404745102,1.7678780855178833,True,367.63,,,,,,,,,,,,,,,
mnist,32,32,relu,1,pcalm,1,0.2358746556590083,paper_frozen_table,0.001,937,0.27408333333333335,0.2789,0.4374445456504822,0.43691017360687256,2.236753161239624,True,2.42,,,,,,,,,,,,,,,
mnist,32,32,relu,1,pcalm,2,0.2358746556590083,paper_frozen_table,0.001,937,0.31645,0.3246,0.4260070980389913,0.4250408953666687,2.2226166175842286,True,2.26,,,,,,,,,,,,,,,
mnist,32,32,relu,1,pcalm,3,0.2358746556590083,paper_frozen_table,0.001,937,0.35773333333333335,0.3655,0.4156814124107361,0.4144069582939148,2.210405994415283,True,3.09,,,,,,,,,,,,,,,
mnist,32,32,relu,1,pcalm,4,0.2358746556590083,paper_frozen_table,0.001,937,0.3930166666666667,0.4001,0.40618242106437685,0.40452167510986325,2.1987885326385497,True,3.21,,,,,,,,,,,,,,,
mnist,32,32,relu,1,pcalm,6,0.2358746556590083,paper_frozen_table,0.001,937,0.44583333333333336,0.453,0.39047749557495115,0.38832783870697024,2.1771145874023436,True,3.79,,,,,,,,,,,,,,,
mnist,32,32,relu,1,pcalm,8,0.2358746556590083,paper_frozen_table,0.001,937,0.4814,0.4906,0.37811063652038573,0.3757304012298584,2.1578404388427734,True,4.57,,,,,,,,,,,,,,,
mnist,32,32,relu,1,pcalm,12,0.2358746556590083,paper_frozen_table,0.001,937,0.5206,0.5303,0.36066999554634094,0.3579409299850464,2.1280837471008303,True,5.74,,,,,,,,,,,,,,,
mnist,32,32,relu,1,pcalm,16,0.2358746556590083,paper_frozen_table,0.001,937,0.5484666666666667,0.558,0.3470608474890391,0.34393076639175413,2.103223244857788,True,6.75,,,,,,,,,,,,,,,
mnist,32,32,relu,1,pcalm,24,0.2358746556590083,paper_frozen_table,0.001,937,0.59055,0.6018,0.3260216470718384,0.3222721118927002,2.061871357154846,True,9.08,,,,,,,,,,,,,,,
mnist,32,32,relu,1,pcalm,32,0.2358746556590083,paper_frozen_table,0.001,937,0.6088,0.6221,0.31275155216852824,0.30847784814834595,2.036753674697876,True,11.35,,,,,,,,,,,,,,,
mnist,32,32,relu,1,pcalm,48,0.2358746556590083,paper_frozen_table,0.001,937,0.82205,0.8248,0.1797133955637614,0.17714476556777953,1.7851861360549928,True,15.78,,,,,,,,,,,,,,,
mnist,32,32,relu,1,pcalm,64,0.2358746556590083,paper_frozen_table,0.001,937,0.8112666666666667,0.8156,0.1878421568075816,0.18535667786598206,1.8007626155853271,True,20.11,512,0.0053628720343112946,0.0005534542142413557,168,0.0006180362543091178,1,1,9,0.0012159158941358328,0.00019046521629206836,477,0.0001968936121556908,1,1,1
mnist,32,32,relu,1,pcalm,96,0.2358746556590083,paper_frozen_table,0.001,937,0.81455,0.8173,0.18684996387958527,0.18437934384346008,1.8004132221221925,True,28.55,,,,,,,,,,,,,,,
mnist,32,32,relu,1,pcalm,128,0.2358746556590083,paper_frozen_table,0.001,937,0.8328666666666666,0.8386,0.17623082472483317,0.17363269081115723,1.7773532785415649,True,41.74,,,,,,,,,,,,,,,
mnist,32,32,relu,1,pcalm,192,0.2358746556590083,paper_frozen_table,0.001,937,0.8301666666666667,0.8369,0.18609813712437948,0.18341257743835448,1.7957410083770753,True,207.77,,,,,,,,,,,,,,,
mnist,32,32,relu,1,pcalm,256,0.2358746556590083,paper_frozen_table,0.001,937,0.8292666666666667,0.8337,0.17822461448510488,0.1755342048406601,1.7768345628738402,True,281.54,,,,,,,,,,,,,,,
mnist,32,32,relu,1,pcalm,384,0.2358746556590083,paper_frozen_table,0.001,937,0.7805833333333333,0.7895,0.21930087021986644,0.2148434558391571,1.8605173650741578,True,411.29,,,,,,,,,,,,,,,
mnist,32,32,relu,1,pcalm,512,0.2358746556590083,paper_frozen_table,0.001,937,0.7705333333333333,0.7795,0.21565618589719138,0.21262404277324676,1.8585560779571533,True,503.21,,,,,,,,,,,,,,,
mnist,32,32,relu,2,bp,0,0.2358746556590083,paper_frozen_table,0.001,937,0.85685,0.8643,0.17154093375205995,0.16758867659568788,1.7706340850830078,True,2.15,,,,,,,,,,,,,,,
mnist,32,32,relu,2,pc,1,0.2358746556590083,paper_frozen_table,0.001,937,0.2966,0.3029,0.4358340680281321,0.4341056357383728,2.2383110385894773,True,2.46,,,,,,,,,,,,,,,
mnist,32,32,relu,2,pc,2,0.2358746556590083,paper_frozen_table,0.001,937,0.34736666666666666,0.3538,0.4229123118241628,0.4209336009025574,2.222338836669922,True,2.05,,,,,,,,,,,,,,,
mnist,32,32,relu,2,pc,3,0.2358746556590083,paper_frozen_table,0.001,937,0.38803333333333334,0.3959,0.41101851533253986,0.4086895564079285,2.20523670501709,True,2.3,,,,,,,,,,,,,,,
mnist,32,32,relu,2,pc,4,0.2358746556590083,paper_frozen_table,0.001,937,0.4195,0.4266,0.40055338304837546,0.397986484336853,2.189170937347412,True,2.46,,,,,,,,,,,,,,,
mnist,32,32,relu,2,pc,6,0.2358746556590083,paper_frozen_table,0.001,937,0.45858333333333334,0.4654,0.3859713110923767,0.3832575228214264,2.1653274658203125,True,2.74,,,,,,,,,,,,,,,
mnist,32,32,relu,2,pc,8,0.2358746556590083,paper_frozen_table,0.001,937,0.47825,0.4823,0.37821879568099975,0.3755544425487518,2.1520453956604,True,3.07,,,,,,,,,,,,,,,
mnist,32,32,relu,2,pc,12,0.2358746556590083,paper_frozen_table,0.001,937,0.4998,0.5032,0.3679786830107371,0.36535074281692503,2.1338845371246338,True,3.94,,,,,,,,,,,,,,,
mnist,32,32,relu,2,pc,16,0.2358746556590083,paper_frozen_table,0.001,937,0.5133,0.5192,0.360941249815623,0.3582403471946716,2.1211687576293947,True,4.85,,,,,,,,,,,,,,,
mnist,32,32,relu,2,pc,24,0.2358746556590083,paper_frozen_table,0.001,937,0.5304166666666666,0.5357,0.3510628208478292,0.348152255487442,2.102743014526367,True,6.01,,,,,,,,,,,,,,,
mnist,32,32,relu,2,pc,32,0.2358746556590083,paper_frozen_table,0.001,937,0.5446666666666666,0.5515,0.34424217440287275,0.3412107907295227,2.0896657623291017,True,7.35,,,,,,,,,,,,,,,
mnist,32,32,relu,2,pc,48,0.2358746556590083,paper_frozen_table,0.001,937,0.5684666666666667,0.5787,0.33378541978200277,0.3304590329170227,2.0700671340942383,True,10.22,,,,,,,,,,,,,,,
mnist,32,32,relu,2,pc,64,0.2358746556590083,paper_frozen_table,0.001,937,0.5866166666666667,0.5965,0.32570984678268433,0.3221837456226349,2.0539939865112307,True,13.18,512,0.005844689439982176,0.005844689439982176,1,0.016612272709608078,1,1,,0.0024584478233009577,0.0024584478233009577,1,0.006934154778718948,1,1,1
mnist,32,32,relu,2,pc,96,0.2358746556590083,paper_frozen_table,0.001,937,0.6408833333333334,0.6483,0.29838074321746827,0.294622988319397,2.002377465057373,True,18.61,,,,,,,,,,,,,,,
mnist,32,32,relu,2,pc,128,0.2358746556590083,paper_frozen_table,0.001,937,0.80345,0.8191,0.21133819718360902,0.2061411476612091,1.8365933897018432,True,25.96,,,,,,,,,,,,,,,
mnist,32,32,relu,2,pc,192,0.2358746556590083,paper_frozen_table,0.001,937,0.84465,0.8557,0.18311907791296642,0.17839487662315368,1.7820910850524903,True,133.62,,,,,,,,,,,,,,,
mnist,32,32,relu,2,pc,256,0.2358746556590083,paper_frozen_table,0.001,937,0.8474333333333334,0.8577,0.1819744829416275,0.17727618632316589,1.7766259767532349,True,170.86,,,,,,,,,,,,,,,
mnist,32,32,relu,2,pc,384,0.2358746556590083,paper_frozen_table,0.001,937,0.84815,0.859,0.1830179543018341,0.1783622134447098,1.7720422409057617,True,261.09,,,,,,,,,,,,,,,
mnist,32,32,relu,2,pc,512,0.2358746556590083,paper_frozen_table,0.001,937,0.8487666666666667,0.8594,0.18435957131385802,0.17966743993759154,1.7668711908340453,True,345.29,,,,,,,,,,,,,,,
mnist,32,32,relu,2,pcalm,1,0.2358746556590083,paper_frozen_table,0.001,937,0.2966,0.3029,0.4358340680281321,0.4341056357383728,2.2383110385894773,True,2.69,,,,,,,,,,,,,,,
mnist,32,32,relu,2,pcalm,2,0.2358746556590083,paper_frozen_table,0.001,937,0.3473833333333333,0.3538,0.42284120632807415,0.4208766453742981,2.2222919578552247,True,2.42,,,,,,,,,,,,,,,
mnist,32,32,relu,2,pcalm,3,0.2358746556590083,paper_frozen_table,0.001,937,0.38758333333333334,0.3957,0.4111529905954997,0.408857984495163,2.205715916824341,True,2.92,,,,,,,,,,,,,,,
mnist,32,32,relu,2,pcalm,4,0.2358746556590083,paper_frozen_table,0.001,937,0.41933333333333334,0.4257,0.4006329766114553,0.3981162888526916,2.1897373596191407,True,3.02,,,,,,,,,,,,,,,
mnist,32,32,relu,2,pcalm,6,0.2358746556590083,paper_frozen_table,0.001,937,0.4650666666666667,0.4711,0.3838307977994283,0.3811782109260559,2.1624647300720214,True,3.91,,,,,,,,,,,,,,,
mnist,32,32,relu,2,pcalm,8,0.2358746556590083,paper_frozen_table,0.001,937,0.49256666666666665,0.4972,0.37140333601633707,0.3688597929954529,2.141237442779541,True,4.44,,,,,,,,,,,,,,,
mnist,32,32,relu,2,pcalm,12,0.2358746556590083,paper_frozen_table,0.001,937,0.5226,0.5292,0.35481658414204914,0.3520774033069611,2.1122759216308595,True,5.72,,,,,,,,,,,,,,,
mnist,32,32,relu,2,pcalm,16,0.2358746556590083,paper_frozen_table,0.001,937,0.5433666666666667,0.5508,0.34402285623550416,0.3411644449710846,2.092799937438965,True,6.61,,,,,,,,,,,,,,,
mnist,32,32,relu,2,pcalm,24,0.2358746556590083,paper_frozen_table,0.001,937,0.5802,0.5889,0.3277237688700358,0.3245154116630554,2.064541520690918,True,9.0,,,,,,,,,,,,,,,
mnist,32,32,relu,2,pcalm,32,0.2358746556590083,paper_frozen_table,0.001,937,0.6047833333333333,0.6149,0.3150739017168681,0.31163578729629515,2.0411071338653564,True,11.0,,,,,,,,,,,,,,,
mnist,32,32,relu,2,pcalm,48,0.2358746556590083,paper_frozen_table,0.001,937,0.8462833333333334,0.8563,0.17865185273488363,0.1744716989994049,1.7852575773239137,True,15.5,,,,,,,,,,,,,,,
mnist,32,32,relu,2,pcalm,64,0.2358746556590083,paper_frozen_table,0.001,937,0.8368833333333333,0.8466,0.18274317323764167,0.1785848316192627,1.7931015174865723,True,19.88,512,0.005844689439982176,0.0005983951850794256,484,0.0006592354620806873,1,1,10,0.0013999672373756766,0.00025802955497056246,178,0.0002657540899235755,1,1,1
mnist,32,32,relu,2,pcalm,96,0.2358746556590083,paper_frozen_table,0.001,937,0.8445333333333334,0.8552,0.1821317852973938,0.1777381196975708,1.7918565425872803,True,28.91,,,,,,,,,,,,,,,
mnist,32,32,relu,2,pcalm,128,0.2358746556590083,paper_frozen_table,0.001,937,0.8552666666666666,0.8653,0.17541006246407828,0.17097046971321106,1.7766516868591309,True,42.88,,,,,,,,,,,,,,,
mnist,32,32,relu,2,pcalm,192,0.2358746556590083,paper_frozen_table,0.001,937,0.8228,0.8321,0.18270499585469563,0.17900330257415772,1.7884378473281861,True,227.28,,,,,,,,,,,,,,,
mnist,32,32,relu,2,pcalm,256,0.2358746556590083,paper_frozen_table,0.001,937,0.8082833333333334,0.8152,0.18064604740142823,0.17749328751564025,1.7844018663406371,True,300.01,,,,,,,,,,,,,,,
mnist,32,32,relu,2,pcalm,384,0.2358746556590083,paper_frozen_table,0.001,937,0.805,0.8159,0.20824700135389965,0.20533202855587004,1.842888339614868,True,382.22,,,,,,,,,,,,,,,
mnist,32,32,relu,2,pcalm,512,0.2358746556590083,paper_frozen_table,0.001,937,0.8024833333333333,0.8113,0.19957017910480498,0.19550356450080872,1.831376837348938,True,486.41,,,,,,,,,,,,,,,
mnist,32,32,relu,3,bp,0,0.2358746556590083,paper_frozen_table,0.001,937,0.8651166666666666,0.8688,0.15477195603052776,0.15100989710092544,1.7311305749893189,True,2.45,,,,,,,,,,,,,,,
mnist,32,32,relu,3,pc,1,0.2358746556590083,paper_frozen_table,0.001,937,0.3184666666666667,0.3256,0.42257630653381345,0.42017109718322754,2.2323684867858886,True,2.45,,,,,,,,,,,,,,,
mnist,32,32,relu,3,pc,2,0.2358746556590083,paper_frozen_table,0.001,937,0.3393833333333333,0.3469,0.41504035580952964,0.4124018237113953,2.223131497192383,True,2.12,,,,,,,,,,,,,,,
mnist,32,32,relu,3,pc,3,0.2358746556590083,paper_frozen_table,0.001,937,0.36046666666666666,0.3728,0.4080124209403992,0.40521011896133424,2.213654642868042,True,2.2,,,,,,,,,,,,,,,
mnist,32,32,relu,3,pc,4,0.2358746556590083,paper_frozen_table,0.001,937,0.37911666666666666,0.3917,0.4013574623425802,0.3984639403820038,2.2040501014709473,True,2.43,,,,,,,,,,,,,,,
mnist,32,32,relu,3,pc,6,0.2358746556590083,paper_frozen_table,0.001,937,0.4073333333333333,0.4214,0.39094698583285015,0.38792322726249695,2.1876879943847656,True,2.83,,,,,,,,,,,,,,,
mnist,32,32,relu,3,pc,8,0.2358746556590083,paper_frozen_table,0.001,937,0.42475,0.4402,0.38403879623413084,0.3808533411026001,2.175595737838745,True,3.81,,,,,,,,,,,,,,,
mnist,32,32,relu,3,pc,12,0.2358746556590083,paper_frozen_table,0.001,937,0.44943333333333335,0.4659,0.3743219997723897,0.3709176293373108,2.1575944232940674,True,4.09,,,,,,,,,,,,,,,
mnist,32,32,relu,3,pc,16,0.2358746556590083,paper_frozen_table,0.001,937,0.4697,0.4856,0.36670102802912397,0.36308038449287416,2.1425851852416993,True,5.19,,,,,,,,,,,,,,,
mnist,32,32,relu,3,pc,24,0.2358746556590083,paper_frozen_table,0.001,937,0.49806666666666666,0.5163,0.35515524093310036,0.3511384038925171,2.118507203674316,True,8.11,,,,,,,,,,,,,,,
mnist,32,32,relu,3,pc,32,0.2358746556590083,paper_frozen_table,0.001,937,0.51905,0.5396,0.3464691630999247,0.34212152233123777,2.0996117431640626,True,9.06,,,,,,,,,,,,,,,
mnist,32,32,relu,3,pc,48,0.2358746556590083,paper_frozen_table,0.001,937,0.5470666666666667,0.5662,0.3345343912760417,0.32977215309143065,2.073050958251953,True,11.86,,,,,,,,,,,,,,,
mnist,32,32,relu,3,pc,64,0.2358746556590083,paper_frozen_table,0.001,937,0.56725,0.5853,0.32621032373110453,0.32134186992645264,2.054527672576904,True,14.89,512,0.005357018671929836,0.005357018671929836,1,0.015437264926731586,1,1,,0.0031115387100726366,0.0031115387100726366,1,0.008789047598838806,1,1,
mnist,32,32,relu,3,pc,96,0.2358746556590083,paper_frozen_table,0.001,937,0.6298,0.6417,0.29868202646573383,0.2939439781665802,2.001203137969971,True,20.14,,,,,,,,,,,,,,,
mnist,32,32,relu,3,pc,128,0.2358746556590083,paper_frozen_table,0.001,937,0.8066333333333333,0.8162,0.2042551723321279,0.19986691761016845,1.8211590217590332,True,26.58,,,,,,,,,,,,,,,
mnist,32,32,relu,3,pc,192,0.2358746556590083,paper_frozen_table,0.001,937,0.8482333333333333,0.8554,0.17092398246924081,0.1671320664405823,1.7538271137237549,True,150.76,,,,,,,,,,,,,,,
mnist,32,32,relu,3,pc,256,0.2358746556590083,paper_frozen_table,0.001,937,0.8506666666666667,0.8566,0.16851116931438445,0.16483845930099486,1.745370182800293,True,191.86,,,,,,,,,,,,,,,
mnist,32,32,relu,3,pc,384,0.2358746556590083,paper_frozen_table,0.001,937,0.8529666666666667,0.8592,0.16733446516195932,0.16366332087516786,1.7360736526489258,True,295.28,,,,,,,,,,,,,,,
mnist,32,32,relu,3,pc,512,0.2358746556590083,paper_frozen_table,0.001,937,0.85285,0.8604,0.16861391437848408,0.1649168928861618,1.7284642501831056,True,367.98,,,,,,,,,,,,,,,
mnist,32,32,relu,3,pcalm,1,0.2358746556590083,paper_frozen_table,0.001,937,0.3184666666666667,0.3256,0.42257630653381345,0.42017109718322754,2.2323684867858886,True,2.46,,,,,,,,,,,,,,,
mnist,32,32,relu,3,pcalm,2,0.2358746556590083,paper_frozen_table,0.001,937,0.3395,0.3471,0.4149211598396301,0.4122855712890625,2.222968314361572,True,2.22,,,,,,,,,,,,,,,
mnist,32,32,relu,3,pcalm,3,0.2358746556590083,paper_frozen_table,0.001,937,0.36055,0.373,0.40795323448181153,0.40515085668563844,2.213832778930664,True,2.96,,,,,,,,,,,,,,,
mnist,32,32,relu,3,pcalm,4,0.2358746556590083,paper_frozen_table,0.001,937,0.38,0.3923,0.40117529730796814,0.39828542947769163,2.204244101715088,True,3.18,,,,,,,,,,,,,,,
mnist,32,32,relu,3,pcalm,6,0.2358746556590083,paper_frozen_table,0.001,937,0.41486666666666666,0.4311,0.3880778280099233,0.38501023683547975,2.1836622734069824,True,3.86,,,,,,,,,,,,,,,
mnist,32,32,relu,3,pcalm,8,0.2358746556590083,paper_frozen_table,0.001,937,0.44416666666666665,0.461,0.3767014026006063,0.37344588356018066,2.1638341972351074,True,4.73,,,,,,,,,,,,,,,
mnist,32,32,relu,3,pcalm,12,0.2358746556590083,paper_frozen_table,0.001,937,0.48956666666666665,0.5053,0.3592277728239695,0.35558656091690066,2.1305640518188476,True,5.97,,,,,,,,,,,,,,,
mnist,32,32,relu,3,pcalm,16,0.2358746556590083,paper_frozen_table,0.001,937,0.5205333333333333,0.5369,0.34601686779658,0.34189968209266663,2.1042117431640626,True,8.58,,,,,,,,,,,,,,,
mnist,32,32,relu,3,pcalm,24,0.2358746556590083,paper_frozen_table,0.001,937,0.5656666666666667,0.5846,0.32717966826756795,0.3224179970741272,2.065180712890625,True,10.14,,,,,,,,,,,,,,,
mnist,32,32,relu,3,pcalm,32,0.2358746556590083,paper_frozen_table,0.001,937,0.5929833333333333,0.6105,0.3153479923407237,0.31059368724823,2.041988653755188,True,12.24,,,,,,,,,,,,,,,
mnist,32,32,relu,3,pcalm,48,0.2358746556590083,paper_frozen_table,0.001,937,0.8534,0.8615,0.16445944108168284,0.16056324944496156,1.753081970024109,True,16.8,,,,,,,,,,,,,,,
mnist,32,32,relu,3,pcalm,64,0.2358746556590083,paper_frozen_table,0.001,937,0.84775,0.8555,0.16811461237271627,0.16398720927238464,1.7628778789520263,True,20.71,512,0.005357018671929836,0.0005130015197210014,178,0.000605119566898793,1,1,9,0.0012684445828199387,0.0002601974119897932,473,0.00033581804018467665,1,1,1
mnist,32,32,relu,3,pcalm,96,0.2358746556590083,paper_frozen_table,0.001,937,0.8601833333333333,0.8649,0.16225475831826527,0.15805564670562744,1.7486104515075684,True,30.39,,,,,,,,,,,,,,,
mnist,32,32,relu,3,pcalm,128,0.2358746556590083,paper_frozen_table,0.001,937,0.86205,0.8669,0.15776058877309163,0.15385016288757325,1.7383601337432861,True,39.37,,,,,,,,,,,,,,,
mnist,32,32,relu,3,pcalm,192,0.2358746556590083,paper_frozen_table,0.001,937,0.8555166666666667,0.8624,0.16591685078938803,0.1620309713125229,1.749686664390564,True,234.73,,,,,,,,,,,,,,,
mnist,32,32,relu,3,pcalm,256,0.2358746556590083,paper_frozen_table,0.001,937,0.8512833333333333,0.8543,0.17030800161361695,0.16831258821487427,1.760161638069153,True,279.14,,,,,,,,,,,,,,,
mnist,32,32,relu,3,pcalm,384,0.2358746556590083,paper_frozen_table,0.001,937,0.82625,0.8356,0.18944552524884542,0.18613525013923646,1.7981640617370604,True,380.16,,,,,,,,,,,,,,,
mnist,32,32,relu,3,pcalm,512,0.2358746556590083,paper_frozen_table,0.001,937,0.8323166666666667,0.842,0.1881441694577535,0.18393069472312928,1.8067585458755493,True,147.54,,,,,,,,,,,,,,,
mnist,32,32,relu,4,bp,0,0.2358746556590083,paper_frozen_table,0.001,937,0.872,0.8783,0.1458328538497289,0.1436142652750015,1.7147435291290283,True,2.32,,,,,,,,,,,,,,,
mnist,32,32,relu,4,pc,1,0.2358746556590083,paper_frozen_table,0.001,937,0.30201666666666666,0.3096,0.42561654602686566,0.4250700439929962,2.2464755805969236,True,3.04,,,,,,,,,,,,,,,
mnist,32,32,relu,4,pc,2,0.2358746556590083,paper_frozen_table,0.001,937,0.3221,0.3279,0.41904288880030316,0.4184371554374695,2.2373540824890137,True,2.51,,,,,,,,,,,,,,,
mnist,32,32,relu,4,pc,3,0.2358746556590083,paper_frozen_table,0.001,937,0.34491666666666665,0.3523,0.4121273745059967,0.4114852672576904,2.2272052532196045,True,2.48,,,,,,,,,,,,,,,
mnist,32,32,relu,4,pc,4,0.2358746556590083,paper_frozen_table,0.001,937,0.36715,0.3719,0.40537727076212565,0.4046785168170929,2.21660658454895,True,2.61,,,,,,,,,,,,,,,
mnist,32,32,relu,4,pc,6,0.2358746556590083,paper_frozen_table,0.001,937,0.4026666666666667,0.4082,0.39499076824188234,0.3940835369110107,2.1988292976379396,True,2.99,,,,,,,,,,,,,,,
mnist,32,32,relu,4,pc,8,0.2358746556590083,paper_frozen_table,0.001,937,0.4232666666666667,0.4303,0.3881817603111267,0.38702855434417727,2.186189049530029,True,3.82,,,,,,,,,,,,,,,
mnist,32,32,relu,4,pc,12,0.2358746556590083,paper_frozen_table,0.001,937,0.4498666666666667,0.4581,0.3781294290224711,0.37643699016571047,2.166080160522461,True,4.38,,,,,,,,,,,,,,,
mnist,32,32,relu,4,pc,16,0.2358746556590083,paper_frozen_table,0.001,937,0.46853333333333336,0.4786,0.37046489493052165,0.36832000908851625,2.1496812019348144,True,5.03,,,,,,,,,,,,,,,
mnist,32,32,relu,4,pc,24,0.2358746556590083,paper_frozen_table,0.001,937,0.49683333333333335,0.5065,0.3584909071922302,0.35574183530807496,2.122736056137085,True,6.44,,,,,,,,,,,,,,,
mnist,32,32,relu,4,pc,32,0.2358746556590083,paper_frozen_table,0.001,937,0.5192833333333333,0.5269,0.3489997422218323,0.34604468183517456,2.101447158050537,True,7.66,,,,,,,,,,,,,,,
mnist,32,32,relu,4,pc,48,0.2358746556590083,paper_frozen_table,0.001,937,0.5551,0.5617,0.333920165793101,0.33125403995513913,2.0688572746276854,True,11.47,,,,,,,,,,,,,,,
mnist,32,32,relu,4,pc,64,0.2358746556590083,paper_frozen_table,0.001,937,0.57705,0.5838,0.32417524954477944,0.3219143585205078,2.0489058307647703,True,14.04,512,0.004433334339410067,0.004433334339410067,1,0.013149562291800976,1,1,,0.0033443791326135397,0.0033443791326135397,1,0.00965190026909113,1,1,
mnist,32,32,relu,4,pc,96,0.2358746556590083,paper_frozen_table,0.001,937,0.64905,0.6501,0.29382595505714415,0.2923572962760925,1.9901427257537843,True,20.52,,,,,,,,,,,,,,,
mnist,32,32,relu,4,pc,128,0.2358746556590083,paper_frozen_table,0.001,937,0.8121,0.8197,0.20388499586582184,0.20172172470092772,1.8199290256500245,True,26.52,,,,,,,,,,,,,,,
mnist,32,32,relu,4,pc,192,0.2358746556590083,paper_frozen_table,0.001,937,0.8537,0.857,0.16973306371370953,0.16749742546081542,1.7560127647399901,True,148.51,,,,,,,,,,,,,,,
mnist,32,32,relu,4,pc,256,0.2358746556590083,paper_frozen_table,0.001,937,0.85525,0.8596,0.16835018502871196,0.16599922473430634,1.7499254182815551,True,197.02,,,,,,,,,,,,,,,
mnist,32,32,relu,4,pc,384,0.2358746556590083,paper_frozen_table,0.001,937,0.8542333333333333,0.8583,0.16899254207611084,0.16639889595508575,1.7444519495010375,True,258.62,,,,,,,,,,,,,,,
mnist,32,32,relu,4,pc,512,0.2358746556590083,paper_frozen_table,0.001,937,0.8533333333333334,0.8569,0.1702125346660614,0.1672781661272049,1.739346671485901,True,293.33,,,,,,,,,,,,,,,
mnist,32,32,relu,4,pcalm,1,0.2358746556590083,paper_frozen_table,0.001,937,0.30201666666666666,0.3096,0.42561654602686566,0.4250700439929962,2.2464755805969236,True,2.88,,,,,,,,,,,,,,,
mnist,32,32,relu,4,pcalm,2,0.2358746556590083,paper_frozen_table,0.001,937,0.32155,0.3261,0.41913709274927774,0.41855052013397215,2.2375213722229006,True,3.16,,,,,,,,,,,,,,,
mnist,32,32,relu,4,pcalm,3,0.2358746556590083,paper_frozen_table,0.001,937,0.3446166666666667,0.3515,0.41223980674743654,0.41160825538635254,2.227625862503052,True,4.48,,,,,,,,,,,,,,,
mnist,32,32,relu,4,pcalm,4,0.2358746556590083,paper_frozen_table,0.001,937,0.36723333333333336,0.3708,0.4053647747198741,0.40467930388450624,2.217066273880005,True,3.61,,,,,,,,,,,,,,,
mnist,32,32,relu,4,pcalm,6,0.2358746556590083,paper_frozen_table,0.001,937,0.41201666666666664,0.4195,0.3920456761042277,0.39103774180412293,2.194689596939087,True,4.01,,,,,,,,,,,,,,,
mnist,32,32,relu,4,pcalm,8,0.2358746556590083,paper_frozen_table,0.001,937,0.44548333333333334,0.4517,0.3799345055898031,0.3783805184364319,2.1719588516235353,True,4.88,,,,,,,,,,,,,,,
mnist,32,32,relu,4,pcalm,12,0.2358746556590083,paper_frozen_table,0.001,937,0.4883,0.496,0.3617508943716685,0.35921862549781797,2.1343317680358886,True,6.04,,,,,,,,,,,,,,,
mnist,32,32,relu,4,pcalm,16,0.2358746556590083,paper_frozen_table,0.001,937,0.5218833333333334,0.5275,0.3466882514953613,0.3437956347465515,2.1027906387329103,True,7.36,,,,,,,,,,,,,,,
mnist,32,32,relu,4,pcalm,24,0.2358746556590083,paper_frozen_table,0.001,937,0.5742333333333334,0.5799,0.32368021063804625,0.32131104168891905,2.058102951812744,True,9.64,,,,,,,,,,,,,,,
mnist,32,32,relu,4,pcalm,32,0.2358746556590083,paper_frozen_table,0.001,937,0.61175,0.6136,0.30723528218269347,0.305620254611969,2.0276619033813477,True,11.43,,,,,,,,,,,,,,,
mnist,32,32,relu,4,pcalm,48,0.2358746556590083,paper_frozen_table,0.001,937,0.8590166666666667,0.8592,0.1644675409078598,0.16238109061717987,1.7558345384597778,True,16.36,,,,,,,,,,,,,,,
mnist,32,32,relu,4,pcalm,64,0.2358746556590083,paper_frozen_table,0.001,937,0.8518666666666667,0.8562,0.1703562007665634,0.1682976648569107,1.7670397701263427,True,21.12,512,0.004433334339410067,0.0004404874052852392,424,0.0004881792701780796,1,1,6,0.0014542918652296066,0.0002577537961769849,248,0.0002979060518555343,1,1,1
mnist,32,32,relu,4,pcalm,96,0.2358746556590083,paper_frozen_table,0.001,937,0.85825,0.8602,0.1653548502365748,0.16298740675449372,1.7583839847564697,True,29.97,,,,,,,,,,,,,,,
mnist,32,32,relu,4,pcalm,128,0.2358746556590083,paper_frozen_table,0.001,937,0.8647333333333334,0.87,0.1549253502845764,0.1526173288345337,1.7338280815124512,True,40.95,,,,,,,,,,,,,,,
mnist,32,32,relu,4,pcalm,192,0.2358746556590083,paper_frozen_table,0.001,937,0.8650166666666667,0.8725,0.15007870734532675,0.147556618642807,1.7186631429672241,True,235.04,,,,,,,,,,,,,,,
mnist,32,32,relu,4,pcalm,256,0.2358746556590083,paper_frozen_table,0.001,937,0.8419,0.8475,0.16788936422665915,0.1650497712612152,1.7527339981079102,True,285.49,,,,,,,,,,,,,,,
mnist,32,32,relu,4,pcalm,384,0.2358746556590083,paper_frozen_table,0.001,937,0.8083,0.8162,0.20544667161305746,0.20068551542758942,1.8338063707351684,True,339.69,,,,,,,,,,,,,,,
mnist,32,32,relu,4,pcalm,512,0.2358746556590083,paper_frozen_table,0.001,937,0.8331166666666666,0.8398,0.18461024075349172,0.1821179557800293,1.8008912771224976,True,146.03,,,,,,,,,,,,,,,
mnist,4,32,relu,0,bp,0,0.19891648896317213,calibrated_power_iteration,0.0028284271247461905,937,0.8966333333333333,0.9012,0.12745466005007425,0.12330273187160493,1.6860021869659423,True,1.71,,,,,,,,,,,,,,,
mnist,4,32,relu,0,pc,1,0.19891648896317213,calibrated_power_iteration,0.0028284271247461905,937,0.6131833333333333,0.6257,0.32418531827926633,0.3208209011077881,2.070565663909912,True,1.64,,,,,,,,,,,,,,,
mnist,4,32,relu,0,pc,2,0.19891648896317213,calibrated_power_iteration,0.0028284271247461905,937,0.66005,0.6664,0.29776930216153463,0.293457865858078,2.012915911102295,True,1.11,,,,,,,,,,,,,,,
mnist,4,32,relu,0,pc,3,0.19891648896317213,calibrated_power_iteration,0.0028284271247461905,937,0.8956333333333333,0.8997,0.1283371034781138,0.12415561707019807,1.6881362085342406,True,0.97,,,,,,,,,,,,,,,
mnist,4,32,relu,0,pc,4,0.19891648896317213,calibrated_power_iteration,0.0028284271247461905,937,0.8948166666666667,0.8993,0.1295249060312907,0.1254282031774521,1.6909825826644898,True,0.99,,,,,,,,,,,,,,,
mnist,4,32,relu,0,pc,6,0.19891648896317213,calibrated_power_iteration,0.0028284271247461905,937,0.8952666666666667,0.8997,0.13060047369003297,0.1265016317844391,1.693320193862915,True,1.19,,,,,,,,,,,,,,,
mnist,4,32,relu,0,pc,8,0.19891648896317213,calibrated_power_iteration,0.0028284271247461905,937,0.8951,0.8996,0.1311900344491005,0.12714129424095152,1.6929761613845826,True,1.16,512,0.004164532292634249,0.004164532292634249,1,0.023761702701449394,1,1,,0.0010105216642841697,0.0010105216642841697,1,0.008983447216451168,1,1,1
mnist,4,32,relu,0,pc,12,0.19891648896317213,calibrated_power_iteration,0.0028284271247461905,937,0.8949833333333334,0.8992,0.13201595567862193,0.12790445880889892,1.693828066444397,True,1.27,,,,,,,,,,,,,,,
mnist,4,32,relu,0,pc,16,0.19891648896317213,calibrated_power_iteration,0.0028284271247461905,937,0.8950666666666667,0.8996,0.13202057089010874,0.1279396100997925,1.6936488656997681,True,1.22,,,,,,,,,,,,,,,
mnist,4,32,relu,0,pcalm,1,0.19891648896317213,calibrated_power_iteration,0.0028284271247461905,937,0.6131833333333333,0.6257,0.32418531827926633,0.3208209011077881,2.070565663909912,True,2.02,,,,,,,,,,,,,,,
mnist,4,32,relu,0,pcalm,2,0.19891648896317213,calibrated_power_iteration,0.0028284271247461905,937,0.6611,0.6663,0.2972506573518117,0.2930223728656769,2.0124752082824706,True,1.01,,,,,,,,,,,,,,,
mnist,4,32,relu,0,pcalm,3,0.19891648896317213,calibrated_power_iteration,0.0028284271247461905,937,0.8961,0.8998,0.12845222019751867,0.12427393226623536,1.6890086568832396,True,1.12,,,,,,,,,,,,,,,
mnist,4,32,relu,0,pcalm,4,0.19891648896317213,calibrated_power_iteration,0.0028284271247461905,937,0.8954333333333333,0.9008,0.13013609237670898,0.12604889874458314,1.6931253921508789,True,1.08,,,,,,,,,,,,,,,
mnist,4,32,relu,0,pcalm,6,0.19891648896317213,calibrated_power_iteration,0.0028284271247461905,937,0.8942666666666667,0.8988,0.13240508170127868,0.12836859016418456,1.6958219703674315,True,1.09,,,,,,,,,,,,,,,
mnist,4,32,relu,0,pcalm,8,0.19891648896317213,calibrated_power_iteration,0.0028284271247461905,937,0.8934833333333333,0.8973,0.13309989904165268,0.12907966086864472,1.697594974708557,True,1.33,512,0.004164532292634249,0.0006648122798651457,398,0.0008315271115861833,1,1,13,0.0010067622642964125,0.00017318276513833553,383,0.0001950384903466329,1,1,1
mnist,4,32,relu,0,pcalm,12,0.19891648896317213,calibrated_power_iteration,0.0028284271247461905,937,0.8946666666666667,0.8991,0.13183789562384288,0.1275899971961975,1.696045118713379,True,1.3,,,,,,,,,,,,,,,
mnist,4,32,relu,0,pcalm,16,0.19891648896317213,calibrated_power_iteration,0.0028284271247461905,937,0.8963166666666667,0.9007,0.1276886452873548,0.12355392289161682,1.686354016494751,True,1.51,,,,,,,,,,,,,,,
mnist,4,32,relu,1,bp,0,0.19891648896317213,calibrated_power_iteration,0.0028284271247461905,937,0.8853833333333333,0.8904,0.1402357914686203,0.13620631374120712,1.7135014347076416,True,1.74,,,,,,,,,,,,,,,
mnist,4,32,relu,1,pc,1,0.19891648896317213,calibrated_power_iteration,0.0028284271247461905,937,0.6304,0.637,0.32592250280380247,0.3225543179512024,2.0699812759399414,True,1.7,,,,,,,,,,,,,,,
mnist,4,32,relu,1,pc,2,0.19891648896317213,calibrated_power_iteration,0.0028284271247461905,937,0.6645833333333333,0.6668,0.3005691586971283,0.2972095733642578,2.020972502708435,True,1.11,,,,,,,,,,,,,,,
mnist,4,32,relu,1,pc,3,0.19891648896317213,calibrated_power_iteration,0.0028284271247461905,937,0.8851166666666667,0.891,0.1400146194855372,0.13596565413475037,1.7126583749771118,True,1.13,,,,,,,,,,,,,,,
mnist,4,32,relu,1,pc,4,0.19891648896317213,calibrated_power_iteration,0.0028284271247461905,937,0.8851333333333333,0.8918,0.13917391408284505,0.13518443311452866,1.7111299112319946,True,0.93,,,,,,,,,,,,,,,
mnist,4,32,relu,1,pc,6,0.19891648896317213,calibrated_power_iteration,0.0028284271247461905,937,0.8846833333333334,0.8912,0.13909209776322046,0.13524818136692046,1.7120927083969115,True,0.99,,,,,,,,,,,,,,,
mnist,4,32,relu,1,pc,8,0.19891648896317213,calibrated_power_iteration,0.0028284271247461905,937,0.8840833333333333,0.8909,0.139166914220651,0.1353965479373932,1.7121091522216796,True,1.12,512,0.0042398786172270775,0.0042398786172270775,1,0.024699876084923744,1,1,,0.000931593356654048,0.000931593356654048,1,0.008244860917329788,1,1,1
mnist,4,32,relu,1,pc,12,0.19891648896317213,calibrated_power_iteration,0.0028284271247461905,937,0.8835166666666666,0.8905,0.1394344767252604,0.1356892990589142,1.7118469594955443,True,1.26,,,,,,,,,,,,,,,
mnist,4,32,relu,1,pc,16,0.19891648896317213,calibrated_power_iteration,0.0028284271247461905,937,0.8832833333333333,0.8904,0.13945330427885055,0.135695499420166,1.7113493507385253,True,1.31,,,,,,,,,,,,,,,
mnist,4,32,relu,1,pcalm,1,0.19891648896317213,calibrated_power_iteration,0.0028284271247461905,937,0.6304,0.637,0.32592250280380247,0.3225543179512024,2.0699812759399414,True,1.8,,,,,,,,,,,,,,,
mnist,4,32,relu,1,pcalm,2,0.19891648896317213,calibrated_power_iteration,0.0028284271247461905,937,0.6643333333333333,0.6664,0.3004466281890869,0.2971043288707733,2.0209753274917603,True,1.08,,,,,,,,,,,,,,,
mnist,4,32,relu,1,pcalm,3,0.19891648896317213,calibrated_power_iteration,0.0028284271247461905,937,0.8848833333333334,0.8922,0.13975445318222046,0.13570549294948578,1.712526802444458,True,1.22,,,,,,,,,,,,,,,
mnist,4,32,relu,1,pcalm,4,0.19891648896317213,calibrated_power_iteration,0.0028284271247461905,937,0.8848166666666667,0.8917,0.13982901975313822,0.13600122871398926,1.714321411895752,True,1.06,,,,,,,,,,,,,,,
mnist,4,32,relu,1,pcalm,6,0.19891648896317213,calibrated_power_iteration,0.0028284271247461905,937,0.88285,0.8894,0.14016333384116492,0.1363989507675171,1.715071181678772,True,1.05,,,,,,,,,,,,,,,
mnist,4,32,relu,1,pcalm,8,0.19891648896317213,calibrated_power_iteration,0.0028284271247461905,937,0.8822666666666666,0.8894,0.14053495236237845,0.1368076425552368,1.7165269481658936,True,1.25,512,0.0042398786172270775,0.0004934684257023036,228,0.0005701089976355433,1,1,14,0.0008726632804609835,1.2814484762202483e-05,467,1.2889448044006713e-05,1,1,1
mnist,4,32,relu,1,pcalm,12,0.19891648896317213,calibrated_power_iteration,0.0028284271247461905,937,0.8839333333333333,0.8915,0.1391988776842753,0.13543289184570312,1.7132704111099244,True,1.32,,,,,,,,,,,,,,,
mnist,4,32,relu,1,pcalm,16,0.19891648896317213,calibrated_power_iteration,0.0028284271247461905,937,0.8832666666666666,0.889,0.14178412449757258,0.13777467775344848,1.7161857009887695,True,1.41,,,,,,,,,,,,,,,
mnist,4,32,relu,2,bp,0,0.19891648896317213,calibrated_power_iteration,0.0028284271247461905,937,0.8963333333333333,0.9039,0.12861193643411,0.12446536037921906,1.6930736011505128,True,1.77,,,,,,,,,,,,,,,
mnist,4,32,relu,2,pc,1,0.19891648896317213,calibrated_power_iteration,0.0028284271247461905,937,0.5965,0.6006,0.3320915068944295,0.33084432592391966,2.0884529289245606,True,1.75,,,,,,,,,,,,,,,
mnist,4,32,relu,2,pc,2,0.19891648896317213,calibrated_power_iteration,0.0028284271247461905,937,0.64035,0.6425,0.3062056067943573,0.3044735173225403,2.0344535037994387,True,1.02,,,,,,,,,,,,,,,
mnist,4,32,relu,2,pc,3,0.19891648896317213,calibrated_power_iteration,0.0028284271247461905,937,0.8959666666666667,0.9028,0.12908161238034566,0.1250265122652054,1.694152737236023,True,1.07,,,,,,,,,,,,,,,
mnist,4,32,relu,2,pc,4,0.19891648896317213,calibrated_power_iteration,0.0028284271247461905,937,0.89535,0.9036,0.1291603354136149,0.12512420425415038,1.6952083068847656,True,0.94,,,,,,,,,,,,,,,
mnist,4,32,relu,2,pc,6,0.19891648896317213,calibrated_power_iteration,0.0028284271247461905,937,0.8953833333333333,0.9024,0.12965810936689376,0.12566702350378037,1.696697112083435,True,1.01,,,,,,,,,,,,,,,
mnist,4,32,relu,2,pc,8,0.19891648896317213,calibrated_power_iteration,0.0028284271247461905,937,0.8949333333333334,0.9014,0.13064389531215032,0.12658929862976073,1.6982709619522094,True,1.29,512,0.004382865969091654,0.004382865969091654,1,0.025300858542323112,1,1,,0.001324519980698824,0.001324519980698824,1,0.011358290910720825,1,1,1
mnist,4,32,relu,2,pc,12,0.19891648896317213,calibrated_power_iteration,0.0028284271247461905,937,0.8943,0.9007,0.13111652649641037,0.12710112965106965,1.6986206554412842,True,1.39,,,,,,,,,,,,,,,
mnist,4,32,relu,2,pc,16,0.19891648896317213,calibrated_power_iteration,0.0028284271247461905,937,0.8943,0.9009,0.1310739710966746,0.1270626919746399,1.6975277406692504,True,1.37,,,,,,,,,,,,,,,
mnist,4,32,relu,2,pcalm,1,0.19891648896317213,calibrated_power_iteration,0.0028284271247461905,937,0.5965,0.6006,0.3320915068944295,0.33084432592391966,2.0884529289245606,True,1.66,,,,,,,,,,,,,,,
mnist,4,32,relu,2,pcalm,2,0.19891648896317213,calibrated_power_iteration,0.0028284271247461905,937,0.64055,0.6443,0.30595224475860594,0.3042213117599487,2.034638291168213,True,1.1,,,,,,,,,,,,,,,
mnist,4,32,relu,2,pcalm,3,0.19891648896317213,calibrated_power_iteration,0.0028284271247461905,937,0.8961166666666667,0.9026,0.12887663419246673,0.12481769609451294,1.6939772796630859,True,1.15,,,,,,,,,,,,,,,
mnist,4,32,relu,2,pcalm,4,0.19891648896317213,calibrated_power_iteration,0.0028284271247461905,937,0.89495,0.9035,0.12924611599842709,0.12527235426902772,1.6961431003570557,True,1.05,,,,,,,,,,,,,,,
mnist,4,32,relu,2,pcalm,6,0.19891648896317213,calibrated_power_iteration,0.0028284271247461905,937,0.8940333333333333,0.9002,0.13127162444194157,0.12731412127017974,1.7009150493621825,True,1.1,,,,,,,,,,,,,,,
mnist,4,32,relu,2,pcalm,8,0.19891648896317213,calibrated_power_iteration,0.0028284271247461905,937,0.8938333333333334,0.9012,0.13188380085229873,0.12792379907369614,1.7015910585403442,True,1.44,512,0.004382865969091654,0.0002328140108147636,353,0.0005290523986332119,1,1,14,0.0013215106446295977,7.445616938639432e-05,428,7.793493568897247e-05,1,1,1
mnist,4,32,relu,2,pcalm,12,0.19891648896317213,calibrated_power_iteration,0.0028284271247461905,937,0.8944,0.9007,0.13041075947682063,0.1263355954647064,1.6982439855575562,True,1.52,,,,,,,,,,,,,,,
mnist,4,32,relu,2,pcalm,16,0.19891648896317213,calibrated_power_iteration,0.0028284271247461905,937,0.89545,0.9043,0.12874374397993088,0.12448641664981842,1.6953239252090455,True,1.46,,,,,,,,,,,,,,,
mnist,4,32,relu,3,bp,0,0.19891648896317213,calibrated_power_iteration,0.0028284271247461905,937,0.88865,0.8951,0.140352539118131,0.13629643504619599,1.7052964576721192,True,1.93,,,,,,,,,,,,,,,
mnist,4,32,relu,3,pc,1,0.19891648896317213,calibrated_power_iteration,0.0028284271247461905,937,0.5778166666666666,0.5841,0.3410472584883372,0.3386613845348358,2.102009034729004,True,1.61,,,,,,,,,,,,,,,
mnist,4,32,relu,3,pc,2,0.19891648896317213,calibrated_power_iteration,0.0028284271247461905,937,0.6316,0.6376,0.3139936628977458,0.3112770644187927,2.047608685684204,True,1.33,,,,,,,,,,,,,,,
mnist,4,32,relu,3,pc,3,0.19891648896317213,calibrated_power_iteration,0.0028284271247461905,937,0.8877,0.8944,0.1409290998697281,0.1368809373855591,1.7058490112304687,True,1.16,,,,,,,,,,,,,,,
mnist,4,32,relu,3,pc,4,0.19891648896317213,calibrated_power_iteration,0.0028284271247461905,937,0.8885833333333333,0.8933,0.14024923933347067,0.1363116861820221,1.7057045703887939,True,1.14,,,,,,,,,,,,,,,
mnist,4,32,relu,3,pc,6,0.19891648896317213,calibrated_power_iteration,0.0028284271247461905,937,0.8881833333333333,0.8945,0.14098661844730379,0.13735986267328262,1.7079303159713746,True,1.02,,,,,,,,,,,,,,,
mnist,4,32,relu,3,pc,8,0.19891648896317213,calibrated_power_iteration,0.0028284271247461905,937,0.88825,0.8959,0.14104643990993498,0.13753661906719208,1.7080632377624512,True,0.98,512,0.005593722220510244,0.005593722220510244,1,0.032053448259830475,1,1,,0.0013780747540295124,0.0013780747540295124,1,0.010935500264167786,1,1,1
mnist,4,32,relu,3,pc,12,0.19891648896317213,calibrated_power_iteration,0.0028284271247461905,937,0.8888833333333334,0.8946,0.14200916634400684,0.13858298256397247,1.708792226409912,True,1.13,,,,,,,,,,,,,,,
mnist,4,32,relu,3,pc,16,0.19891648896317213,calibrated_power_iteration,0.0028284271247461905,937,0.88935,0.8951,0.14200537571112315,0.13854134356975556,1.7083643854141235,True,0.99,,,,,,,,,,,,,,,
mnist,4,32,relu,3,pcalm,1,0.19891648896317213,calibrated_power_iteration,0.0028284271247461905,937,0.5778166666666666,0.5841,0.3410472584883372,0.3386613845348358,2.102009034729004,True,1.7,,,,,,,,,,,,,,,
mnist,4,32,relu,3,pcalm,2,0.19891648896317213,calibrated_power_iteration,0.0028284271247461905,937,0.6312,0.639,0.3139853221416473,0.31120655369758604,2.047891522598267,True,0.93,,,,,,,,,,,,,,,
mnist,4,32,relu,3,pcalm,3,0.19891648896317213,calibrated_power_iteration,0.0028284271247461905,937,0.88765,0.8947,0.1406218130985896,0.136639457321167,1.705776280593872,True,1.26,,,,,,,,,,,,,,,
mnist,4,32,relu,3,pcalm,4,0.19891648896317213,calibrated_power_iteration,0.0028284271247461905,937,0.8879666666666667,0.8944,0.1416973397095998,0.1379203565955162,1.7092156703948975,True,1.37,,,,,,,,,,,,,,,
mnist,4,32,relu,3,pcalm,6,0.19891648896317213,calibrated_power_iteration,0.0028284271247461905,937,0.8884166666666666,0.8933,0.1422267834107081,0.1388396256685257,1.7108925193786622,True,1.26,,,,,,,,,,,,,,,
mnist,4,32,relu,3,pcalm,8,0.19891648896317213,calibrated_power_iteration,0.0028284271247461905,937,0.8877666666666667,0.894,0.1432295333703359,0.13974661195278168,1.7129646881103515,True,1.21,512,0.005593722220510244,0.0013913728762418032,209,0.001681937021203339,1,1,17,0.0013925305102020502,0.00028831721283495426,420,0.0003507391666062176,1,1,1
mnist,4,32,relu,3,pcalm,12,0.19891648896317213,calibrated_power_iteration,0.0028284271247461905,937,0.88845,0.8956,0.14155570339361825,0.13795759177207947,1.7093601369857787,True,1.17,,,,,,,,,,,,,,,
mnist,4,32,relu,3,pcalm,16,0.19891648896317213,calibrated_power_iteration,0.0028284271247461905,937,0.8873833333333333,0.893,0.13964055921236673,0.13584185212850572,1.704844932937622,True,1.32,,,,,,,,,,,,,,,
mnist,4,32,relu,4,bp,0,0.19891648896317213,calibrated_power_iteration,0.0028284271247461905,937,0.8991,0.9053,0.1204502191344897,0.11592572009563445,1.670548201751709,True,1.6,,,,,,,,,,,,,,,
mnist,4,32,relu,4,pc,1,0.19891648896317213,calibrated_power_iteration,0.0028284271247461905,937,0.5798833333333333,0.5866,0.33080273962020873,0.3286729858398437,2.081852142333984,True,1.68,,,,,,,,,,,,,,,
mnist,4,32,relu,4,pc,2,0.19891648896317213,calibrated_power_iteration,0.0028284271247461905,937,0.6294166666666666,0.6399,0.30449356072743733,0.30175810656547547,2.024990745925903,True,1.08,,,,,,,,,,,,,,,
mnist,4,32,relu,4,pc,3,0.19891648896317213,calibrated_power_iteration,0.0028284271247461905,937,0.89915,0.9041,0.12084208370844524,0.1163276108264923,1.6714362644195557,True,0.78,,,,,,,,,,,,,,,
mnist,4,32,relu,4,pc,4,0.19891648896317213,calibrated_power_iteration,0.0028284271247461905,937,0.89905,0.9036,0.12064901391665141,0.11625943553447723,1.6703211711883545,True,0.69,,,,,,,,,,,,,,,
mnist,4,32,relu,4,pc,6,0.19891648896317213,calibrated_power_iteration,0.0028284271247461905,937,0.8992833333333333,0.9023,0.1209391843120257,0.1166356507897377,1.6711207345962524,True,0.7,,,,,,,,,,,,,,,
mnist,4,32,relu,4,pc,8,0.19891648896317213,calibrated_power_iteration,0.0028284271247461905,937,0.8983166666666667,0.9016,0.12448110004266102,0.12037953226566314,1.680099076461792,True,0.68,512,0.004954661708325148,0.004954661708325148,1,0.028347808867692947,1,1,,0.0012834599474444985,0.0012834599474444985,1,0.011026950553059578,1,1,1
mnist,4,32,relu,4,pc,12,0.19891648896317213,calibrated_power_iteration,0.0028284271247461905,937,0.8986666666666666,0.902,0.12487376259167988,0.12093206293582916,1.679171978378296,True,0.74,,,,,,,,,,,,,,,
mnist,4,32,relu,4,pc,16,0.19891648896317213,calibrated_power_iteration,0.0028284271247461905,937,0.89875,0.9015,0.12507297892967859,0.12115417240858078,1.678915641784668,True,0.8,,,,,,,,,,,,,,,
mnist,4,32,relu,4,pcalm,1,0.19891648896317213,calibrated_power_iteration,0.0028284271247461905,937,0.5798833333333333,0.5866,0.33080273962020873,0.3286729858398437,2.081852142333984,True,1.86,,,,,,,,,,,,,,,
mnist,4,32,relu,4,pcalm,2,0.19891648896317213,calibrated_power_iteration,0.0028284271247461905,937,0.6296166666666667,0.6404,0.30429008723894757,0.3015591413497925,2.0251135334014894,True,1.09,,,,,,,,,,,,,,,
mnist,4,32,relu,4,pcalm,3,0.19891648896317213,calibrated_power_iteration,0.0028284271247461905,937,0.8992666666666667,0.9049,0.12031981237332026,0.11585401816368103,1.6709817823410034,True,1.23,,,,,,,,,,,,,,,
mnist,4,32,relu,4,pcalm,4,0.19891648896317213,calibrated_power_iteration,0.0028284271247461905,937,0.89905,0.9021,0.12098143801291783,0.11667321860790253,1.6722973791122437,True,1.0,,,,,,,,,,,,,,,
mnist,4,32,relu,4,pcalm,6,0.19891648896317213,calibrated_power_iteration,0.0028284271247461905,937,0.89745,0.9005,0.12556928652127583,0.12161008093357085,1.6830506830215455,True,1.05,,,,,,,,,,,,,,,
mnist,4,32,relu,4,pcalm,8,0.19891648896317213,calibrated_power_iteration,0.0028284271247461905,937,0.89725,0.8991,0.12629482935269673,0.12243521392345429,1.6839221727371216,True,1.16,512,0.004954661708325148,0.0005703973583877087,370,0.0010689068585634232,1,1,16,0.0012633779551833868,0.00028585203108377755,330,0.0006621061475016177,1,1,1
mnist,4,32,relu,4,pcalm,12,0.19891648896317213,calibrated_power_iteration,0.0028284271247461905,937,0.89815,0.9013,0.12261390106678009,0.11834580804109573,1.6735483577728272,True,0.98,,,,,,,,,,,,,,,
mnist,4,32,relu,4,pcalm,16,0.19891648896317213,calibrated_power_iteration,0.0028284271247461905,937,0.8984666666666666,0.9028,0.12154458309412003,0.11697927420139313,1.6732036056518556,True,1.0,,,,,,,,,,,,,,,
mnist,64,32,relu,0,bp,0,0.24317358345194945,paper_frozen_table,0.0007071067811865476,937,0.8364,0.8414,0.1855615328470866,0.18232597584724428,1.7942721757888793,True,3.11,,,,,,,,,,,,,,,
mnist,64,32,relu,0,pc,1,0.24317358345194945,paper_frozen_table,0.0007071067811865476,937,0.31585,0.3182,0.43016535364786784,0.4293635643005371,2.242067518615723,True,3.51,,,,,,,,,,,,,,,
mnist,64,32,relu,0,pc,2,0.24317358345194945,paper_frozen_table,0.0007071067811865476,937,0.3332333333333333,0.3357,0.4253320934613546,0.42428420648574827,2.2359699817657472,True,3.59,,,,,,,,,,,,,,,
mnist,64,32,relu,0,pc,3,0.24317358345194945,paper_frozen_table,0.0007071067811865476,937,0.3486,0.3511,0.4207617182890574,0.41949172372817994,2.2298228294372557,True,3.86,,,,,,,,,,,,,,,
mnist,64,32,relu,0,pc,4,0.24317358345194945,paper_frozen_table,0.0007071067811865476,937,0.36351666666666665,0.3683,0.4164203380902608,0.4149397693634033,2.2233591762542724,True,4.26,,,,,,,,,,,,,,,
mnist,64,32,relu,0,pc,6,0.24317358345194945,paper_frozen_table,0.0007071067811865476,937,0.38631666666666664,0.3972,0.4096259409427643,0.40786422672271727,2.2125076148986818,True,5.06,,,,,,,,,,,,,,,
mnist,64,32,relu,0,pc,8,0.24317358345194945,paper_frozen_table,0.0007071067811865476,937,0.4008833333333333,0.4113,0.40537945127487185,0.4034488112449646,2.2051964851379395,True,5.71,,,,,,,,,,,,,,,
mnist,64,32,relu,0,pc,12,0.24317358345194945,paper_frozen_table,0.0007071067811865476,937,0.42278333333333334,0.4334,0.39899838643074037,0.3968421520233154,2.193752730560303,True,7.24,,,,,,,,,,,,,,,
mnist,64,32,relu,0,pc,16,0.24317358345194945,paper_frozen_table,0.0007071067811865476,937,0.43815,0.4509,0.39418158268928527,0.391853040599823,2.1848225109100343,True,8.67,,,,,,,,,,,,,,,
mnist,64,32,relu,0,pc,24,0.24317358345194945,paper_frozen_table,0.0007071067811865476,937,0.4609333333333333,0.4742,0.3863405174891154,0.3836352017402649,2.169861713409424,True,11.67,,,,,,,,,,,,,,,
mnist,64,32,relu,0,pc,32,0.24317358345194945,paper_frozen_table,0.0007071067811865476,937,0.47906666666666664,0.4931,0.37992727781931557,0.3768133406639099,2.1571856872558595,True,14.55,,,,,,,,,,,,,,,
mnist,64,32,relu,0,pc,48,0.24317358345194945,paper_frozen_table,0.0007071067811865476,937,0.50645,0.5214,0.3696699868520101,0.365893252658844,2.1360612182617187,True,20.58,,,,,,,,,,,,,,,
mnist,64,32,relu,0,pc,64,0.24317358345194945,paper_frozen_table,0.0007071067811865476,937,0.52435,0.5383,0.36220146079063414,0.35787318058013917,2.1199439094543457,True,26.43,,,,,,,,,,,,,,,
mnist,64,32,relu,0,pc,96,0.24317358345194945,paper_frozen_table,0.0007071067811865476,937,0.5507833333333333,0.5656,0.3521208275477091,0.34728296937942504,2.098642918395996,True,38.01,,,,,,,,,,,,,,,
mnist,64,32,relu,0,pc,128,0.24317358345194945,paper_frozen_table,0.0007071067811865476,937,0.5691666666666667,0.5811,0.34509718910853066,0.3400836590766907,2.0839417491912844,True,49.11,512,0.003858709242194891,0.003858709242194891,1,0.011382556520402431,1,1,,0.002526614349335432,0.002526614349335432,1,0.0073045832104980946,1,1,1
mnist,64,32,relu,0,pc,192,0.24317358345194945,paper_frozen_table,0.0007071067811865476,937,0.59545,0.6044,0.33466986281077066,0.3295505144119263,2.0612760856628416,True,76.89,,,,,,,,,,,,,,,
mnist,64,32,relu,0,pc,256,0.24317358345194945,paper_frozen_table,0.0007071067811865476,937,0.61375,0.6221,0.3276016944885254,0.32243838291168214,2.0455201568603516,True,101.61,,,,,,,,,,,,,,,
mnist,64,32,relu,0,pc,384,0.24317358345194945,paper_frozen_table,0.0007071067811865476,937,0.6478666666666667,0.6552,0.31343868147532145,0.308185480594635,2.015956692123413,True,543.95,,,,,,,,,,,,,,,
mnist,64,32,relu,0,pc,512,0.24317358345194945,paper_frozen_table,0.0007071067811865476,937,0.7786666666666666,0.7845,0.24144541877110798,0.23699874722957612,1.8849044301986695,True,392.77,,,,,,,,,,,,,,,
mnist,64,32,relu,0,pc,768,0.24317358345194945,paper_frozen_table,0.0007071067811865476,937,0.8236,0.8275,0.21006103132565818,0.20559457144737245,1.8178793962478639,True,281.17,,,,,,,,,,,,,,,
mnist,64,32,relu,0,pc,1024,0.24317358345194945,paper_frozen_table,0.0007071067811865476,937,0.8256166666666667,0.8306,0.2084382849295934,0.20353576040267946,1.806832530784607,True,381.37,,,,,,,,,,,,,,,
mnist,64,32,relu,0,pcalm,1,0.24317358345194945,paper_frozen_table,0.0007071067811865476,937,0.31585,0.3182,0.43016535364786784,0.4293635643005371,2.242067518615723,True,3.53,,,,,,,,,,,,,,,
mnist,64,32,relu,0,pcalm,2,0.24317358345194945,paper_frozen_table,0.0007071067811865476,937,0.3332833333333333,0.336,0.4252914944330851,0.4242560852050781,2.2359363739013673,True,4.07,,,,,,,,,,,,,,,
mnist,64,32,relu,0,pcalm,3,0.24317358345194945,paper_frozen_table,0.0007071067811865476,937,0.34876666666666667,0.3514,0.4207429670333862,0.4194836058139801,2.2299644439697266,True,5.4,,,,,,,,,,,,,,,
mnist,64,32,relu,0,pcalm,4,0.24317358345194945,paper_frozen_table,0.0007071067811865476,937,0.36425,0.369,0.4162835896809896,0.41481933307647706,2.2234687686920167,True,6.01,,,,,,,,,,,,,,,
mnist,64,32,relu,0,pcalm,6,0.24317358345194945,paper_frozen_table,0.0007071067811865476,937,0.3920666666666667,0.4022,0.4079505301157633,0.4061756149768829,2.2103887718200683,True,6.99,,,,,,,,,,,,,,,
mnist,64,32,relu,0,pcalm,8,0.24317358345194945,paper_frozen_table,0.0007071067811865476,937,0.41651666666666665,0.4274,0.4006954922358195,0.39867337155342103,2.1981223979949953,True,8.19,,,,,,,,,,,,,,,
mnist,64,32,relu,0,pcalm,12,0.24317358345194945,paper_frozen_table,0.0007071067811865476,937,0.45116666666666666,0.464,0.38960024145444233,0.38718252120018004,2.17836138420105,True,10.53,,,,,,,,,,,,,,,
mnist,64,32,relu,0,pcalm,16,0.24317358345194945,paper_frozen_table,0.0007071067811865476,937,0.4771666666666667,0.4926,0.3801863922913869,0.37729616718292236,2.1611548286437987,True,13.0,,,,,,,,,,,,,,,
mnist,64,32,relu,0,pcalm,24,0.24317358345194945,paper_frozen_table,0.0007071067811865476,937,0.51875,0.5311,0.36385367383956907,0.3600429328918457,2.130290427398682,True,17.92,,,,,,,,,,,,,,,
mnist,64,32,relu,0,pcalm,32,0.24317358345194945,paper_frozen_table,0.0007071067811865476,937,0.5488666666666666,0.5607,0.3517348857720693,0.3473315972328186,2.107959998703003,True,22.39,,,,,,,,,,,,,,,
mnist,64,32,relu,0,pcalm,48,0.24317358345194945,paper_frozen_table,0.0007071067811865476,937,0.5875833333333333,0.5944,0.3350936728318532,0.3306631488323212,2.0773801849365237,True,32.05,,,,,,,,,,,,,,,
mnist,64,32,relu,0,pcalm,64,0.24317358345194945,paper_frozen_table,0.0007071067811865476,937,0.6068166666666667,0.6134,0.3252762500286102,0.32189213790893556,2.062463856506348,True,40.87,,,,,,,,,,,,,,,
mnist,64,32,relu,0,pcalm,96,0.24317358345194945,paper_frozen_table,0.0007071067811865476,937,0.8181666666666667,0.8187,0.20420850119590758,0.2019084876060486,1.8332774194717407,True,59.5,,,,,,,,,,,,,,,
mnist,64,32,relu,0,pcalm,128,0.24317358345194945,paper_frozen_table,0.0007071067811865476,937,0.8186166666666667,0.8221,0.20543173460960387,0.20266423785686494,1.8370485431671142,True,81.93,512,0.003858709242194891,0.00024533303803764284,339,0.0003018703428097069,1,1,4,0.001118513522669673,0.00013707659672945738,222,0.0001516407064627856,1,1,1
mnist,64,32,relu,0,pcalm,192,0.24317358345194945,paper_frozen_table,0.0007071067811865476,937,0.8257666666666666,0.8288,0.1998267681201299,0.1966234001159668,1.8254527896881103,True,119.94,,,,,,,,,,,,,,,
mnist,64,32,relu,0,pcalm,256,0.24317358345194945,paper_frozen_table,0.0007071067811865476,937,0.8350166666666666,0.8397,0.18653749788602192,0.18352624082565308,1.7979082786560059,True,156.18,,,,,,,,,,,,,,,
mnist,64,32,relu,0,pcalm,384,0.24317358345194945,paper_frozen_table,0.0007071067811865476,937,0.8298833333333333,0.8318,0.19086287682851155,0.18850347979068757,1.7995300031661987,True,529.79,,,,,,,,,,,,,,,
mnist,64,32,relu,0,pcalm,512,0.24317358345194945,paper_frozen_table,0.0007071067811865476,937,0.8232333333333334,0.8311,0.19285955866177876,0.18994770712852477,1.8011652135849,True,300.16,,,,,,,,,,,,,,,
mnist,64,32,relu,0,pcalm,768,0.24317358345194945,paper_frozen_table,0.0007071067811865476,937,0.7945333333333333,0.7972,0.2189592000246048,0.21671978323459626,1.8645553443908691,True,453.78,,,,,,,,,,,,,,,
mnist,64,32,relu,0,pcalm,1024,0.24317358345194945,paper_frozen_table,0.0007071067811865476,937,0.7858833333333334,0.7946,0.2250658971230189,0.22172473957538605,1.8856281929016114,True,615.16,,,,,,,,,,,,,,,
mnist,64,32,relu,1,bp,0,0.24317358345194945,paper_frozen_table,0.0007071067811865476,937,0.82405,0.8336,0.19052338270346322,0.1862238444328308,1.800980439376831,True,3.33,,,,,,,,,,,,,,,
mnist,64,32,relu,1,pc,1,0.24317358345194945,paper_frozen_table,0.0007071067811865476,937,0.17893333333333333,0.1792,0.4690257884343465,0.4688481360435486,2.2727671279907224,True,3.63,,,,,,,,,,,,,,,
mnist,64,32,relu,1,pc,2,0.24317358345194945,paper_frozen_table,0.0007071067811865476,937,0.19633333333333333,0.1956,0.4597486634572347,0.45935836172103883,2.2639666927337645,True,3.43,,,,,,,,,,,,,,,
mnist,64,32,relu,1,pc,3,0.24317358345194945,paper_frozen_table,0.0007071067811865476,937,0.21858333333333332,0.2196,0.4507817835172017,0.450049515914917,2.2544741554260255,True,3.93,,,,,,,,,,,,,,,
mnist,64,32,relu,1,pc,4,0.24317358345194945,paper_frozen_table,0.0007071067811865476,937,0.24036666666666667,0.2389,0.4427208343187968,0.4416638473510742,2.2452821437835695,True,4.19,,,,,,,,,,,,,,,
mnist,64,32,relu,1,pc,6,0.24317358345194945,paper_frozen_table,0.0007071067811865476,937,0.2769,0.2755,0.43040065879821776,0.4289750500202179,2.2303559421539307,True,4.96,,,,,,,,,,,,,,,
mnist,64,32,relu,1,pc,8,0.24317358345194945,paper_frozen_table,0.0007071067811865476,937,0.30115,0.302,0.4232084859371185,0.4215277220726013,2.2212311820983888,True,5.79,,,,,,,,,,,,,,,
mnist,64,32,relu,1,pc,12,0.24317358345194945,paper_frozen_table,0.0007071067811865476,937,0.3395666666666667,0.3473,0.41353738918304445,0.4115097867012024,2.2082153690338133,True,7.13,,,,,,,,,,,,,,,
mnist,64,32,relu,1,pc,16,0.24317358345194945,paper_frozen_table,0.0007071067811865476,937,0.3706,0.3781,0.40668754959106446,0.40440118799209596,2.1984558517456056,True,8.77,,,,,,,,,,,,,,,
mnist,64,32,relu,1,pc,24,0.24317358345194945,paper_frozen_table,0.0007071067811865476,937,0.41133333333333333,0.4197,0.39708004581133527,0.39440428953170775,2.1842715637207033,True,11.73,,,,,,,,,,,,,,,
mnist,64,32,relu,1,pc,32,0.24317358345194945,paper_frozen_table,0.0007071067811865476,937,0.43683333333333335,0.4454,0.3899139784812927,0.3868955945968628,2.17312121925354,True,14.56,,,,,,,,,,,,,,,
mnist,64,32,relu,1,pc,48,0.24317358345194945,paper_frozen_table,0.0007071067811865476,937,0.47023333333333334,0.4788,0.3791326291561127,0.37572080454826356,2.1558573558807375,True,20.3,,,,,,,,,,,,,,,
mnist,64,32,relu,1,pc,64,0.24317358345194945,paper_frozen_table,0.0007071067811865476,937,0.4926,0.5046,0.37100499226252237,0.3673272777557373,2.142392414855957,True,26.4,,,,,,,,,,,,,,,
mnist,64,32,relu,1,pc,96,0.24317358345194945,paper_frozen_table,0.0007071067811865476,937,0.5221666666666667,0.5375,0.35893656164805093,0.3550164413452148,2.1214423736572265,True,37.59,,,,,,,,,,,,,,,
mnist,64,32,relu,1,pc,128,0.24317358345194945,paper_frozen_table,0.0007071067811865476,937,0.5425333333333333,0.5589,0.3500378237406413,0.3459347069263458,2.1046376964569093,True,50.91,512,0.004835376515984535,0.004835376515984535,1,0.013899525627493858,1,1,,0.0022854029666632414,0.0022854029666632414,1,0.0064352224580943584,1,1,1
mnist,64,32,relu,1,pc,192,0.24317358345194945,paper_frozen_table,0.0007071067811865476,937,0.5715333333333333,0.5887,0.3370401963551839,0.3326786890983581,2.0777610870361327,True,77.17,,,,,,,,,,,,,,,
mnist,64,32,relu,1,pc,256,0.24317358345194945,paper_frozen_table,0.0007071067811865476,937,0.59335,0.6082,0.3270780089855194,0.3224663313388825,2.0555876527786254,True,102.68,,,,,,,,,,,,,,,
mnist,64,32,relu,1,pc,384,0.24317358345194945,paper_frozen_table,0.0007071067811865476,937,0.64235,0.6512,0.3053573156833649,0.3005564354419708,2.0059182441711427,True,431.56,,,,,,,,,,,,,,,
mnist,64,32,relu,1,pc,512,0.24317358345194945,paper_frozen_table,0.0007071067811865476,937,0.7714,0.7765,0.23329686968326568,0.23031240677833556,1.8698884048461915,True,185.21,,,,,,,,,,,,,,,
mnist,64,32,relu,1,pc,768,0.24317358345194945,paper_frozen_table,0.0007071067811865476,937,0.8139333333333333,0.8228,0.20514360666275025,0.20227757542133332,1.8094254852294922,True,280.07,,,,,,,,,,,,,,,
mnist,64,32,relu,1,pc,1024,0.24317358345194945,paper_frozen_table,0.0007071067811865476,937,0.81765,0.8245,0.2050533910195033,0.20196707601547242,1.800390475463867,True,373.39,,,,,,,,,,,,,,,
mnist,64,32,relu,1,pcalm,1,0.24317358345194945,paper_frozen_table,0.0007071067811865476,937,0.17893333333333333,0.1792,0.4690257884343465,0.4688481360435486,2.2727671279907224,True,3.62,,,,,,,,,,,,,,,
mnist,64,32,relu,1,pcalm,2,0.24317358345194945,paper_frozen_table,0.0007071067811865476,937,0.19621666666666668,0.195,0.4598650249481201,0.459481454706192,2.264093076324463,True,3.99,,,,,,,,,,,,,,,
mnist,64,32,relu,1,pcalm,3,0.24317358345194945,paper_frozen_table,0.0007071067811865476,937,0.21875,0.219,0.45075975443522137,0.4500298264503479,2.254620977020264,True,5.29,,,,,,,,,,,,,,,
mnist,64,32,relu,1,pcalm,4,0.24317358345194945,paper_frozen_table,0.0007071067811865476,937,0.24061666666666667,0.2389,0.4425623331864675,0.44150530366897583,2.2454116130828856,True,5.82,,,,,,,,,,,,,,,
mnist,64,32,relu,1,pcalm,6,0.24317358345194945,paper_frozen_table,0.0007071067811865476,937,0.28368333333333334,0.2828,0.4281374515215556,0.4266725163936615,2.2279848945617675,True,6.97,,,,,,,,,,,,,,,
mnist,64,32,relu,1,pcalm,8,0.24317358345194945,paper_frozen_table,0.0007071067811865476,937,0.3258,0.3324,0.41672931345303854,0.4148727502822876,2.2132375576019285,True,8.06,,,,,,,,,,,,,,,
mnist,64,32,relu,1,pcalm,12,0.24317358345194945,paper_frozen_table,0.0007071067811865476,937,0.3943,0.402,0.40126363425254824,0.3988270602226257,2.1920754669189453,True,10.54,,,,,,,,,,,,,,,
mnist,64,32,relu,1,pcalm,16,0.24317358345194945,paper_frozen_table,0.0007071067811865476,937,0.4343666666666667,0.4421,0.39068505323727926,0.3877682786941528,2.176766060256958,True,12.88,,,,,,,,,,,,,,,
mnist,64,32,relu,1,pcalm,24,0.24317358345194945,paper_frozen_table,0.0007071067811865476,937,0.48425,0.4937,0.3735666178226471,0.37004472818374634,2.150904341888428,True,17.49,,,,,,,,,,,,,,,
mnist,64,32,relu,1,pcalm,32,0.24317358345194945,paper_frozen_table,0.0007071067811865476,937,0.5175333333333333,0.5283,0.3601351321856181,0.35635999269485474,2.130255509567261,True,22.13,,,,,,,,,,,,,,,
mnist,64,32,relu,1,pcalm,48,0.24317358345194945,paper_frozen_table,0.0007071067811865476,937,0.5606333333333333,0.5763,0.3408631000995636,0.33670296268463135,2.095966541290283,True,31.39,,,,,,,,,,,,,,,
mnist,64,32,relu,1,pcalm,64,0.24317358345194945,paper_frozen_table,0.0007071067811865476,937,0.59375,0.6094,0.3240555405934652,0.31971057529449465,2.063814119720459,True,40.63,,,,,,,,,,,,,,,
mnist,64,32,relu,1,pcalm,96,0.24317358345194945,paper_frozen_table,0.0007071067811865476,937,0.7954666666666667,0.8028,0.20778875449498493,0.20399650223255159,1.8362343231201173,True,60.12,,,,,,,,,,,,,,,
mnist,64,32,relu,1,pcalm,128,0.24317358345194945,paper_frozen_table,0.0007071067811865476,937,0.7971666666666667,0.8048,0.20857733781337737,0.20522148971557616,1.8411306644439698,True,81.04,512,0.004835376515984535,0.00031736065284349024,345,0.00036741967778652906,1,1,7,0.001190492883324623,0.00014039126108400524,359,0.00014146635658107698,1,1,1
mnist,64,32,relu,1,pcalm,192,0.24317358345194945,paper_frozen_table,0.0007071067811865476,937,0.809,0.8187,0.20145328280131022,0.1974200166463852,1.8252631694793702,True,119.94,,,,,,,,,,,,,,,
mnist,64,32,relu,1,pcalm,256,0.24317358345194945,paper_frozen_table,0.0007071067811865476,937,0.8243166666666667,0.8335,0.1918100789944331,0.18751072278022765,1.807763758659363,True,154.68,,,,,,,,,,,,,,,
mnist,64,32,relu,1,pcalm,384,0.24317358345194945,paper_frozen_table,0.0007071067811865476,937,0.8156,0.828,0.19537740677992502,0.19139500699043274,1.8122834867477418,True,490.59,,,,,,,,,,,,,,,
mnist,64,32,relu,1,pcalm,512,0.24317358345194945,paper_frozen_table,0.0007071067811865476,937,0.7862833333333333,0.7916,0.20841639744440715,0.2045654500246048,1.8308252376556398,True,299.74,,,,,,,,,,,,,,,
mnist,64,32,relu,1,pcalm,768,0.24317358345194945,paper_frozen_table,0.0007071067811865476,937,0.79555,0.8003,0.22399083353678387,0.2193100431919098,1.8663395412445067,True,447.61,,,,,,,,,,,,,,,
mnist,64,32,relu,1,pcalm,1024,0.24317358345194945,paper_frozen_table,0.0007071067811865476,937,0.7641833333333333,0.7753,0.23020891416867573,0.22453758985996247,1.8780482027053833,True,609.22,,,,,,,,,,,,,,,
mnist,64,32,relu,2,bp,0,0.24317358345194945,paper_frozen_table,0.0007071067811865476,937,0.84665,0.8539,0.17581571435928345,0.17169225087165832,1.7759078317642212,True,2.96,,,,,,,,,,,,,,,
mnist,64,32,relu,2,pc,1,0.24317358345194945,paper_frozen_table,0.0007071067811865476,937,0.17038333333333333,0.1816,0.4782300141175588,0.47546194133758546,2.278714890670776,True,3.57,,,,,,,,,,,,,,,
mnist,64,32,relu,2,pc,2,0.24317358345194945,paper_frozen_table,0.0007071067811865476,937,0.17965,0.1908,0.47169633995691934,0.4691204339504242,2.2734784755706787,True,3.45,,,,,,,,,,,,,,,
mnist,64,32,relu,2,pc,3,0.24317358345194945,paper_frozen_table,0.0007071067811865476,937,0.19145,0.2014,0.465425519990921,0.463063480758667,2.2678907653808595,True,3.77,,,,,,,,,,,,,,,
mnist,64,32,relu,2,pc,4,0.24317358345194945,paper_frozen_table,0.0007071067811865476,937,0.2044,0.2118,0.4596936638514201,0.45752992391586306,2.2624165214538574,True,4.02,,,,,,,,,,,,,,,
mnist,64,32,relu,2,pc,6,0.24317358345194945,paper_frozen_table,0.0007071067811865476,937,0.22986666666666666,0.2331,0.45081509224573774,0.44895492248535157,2.253648388671875,True,4.93,,,,,,,,,,,,,,,
mnist,64,32,relu,2,pc,8,0.24317358345194945,paper_frozen_table,0.0007071067811865476,937,0.24813333333333334,0.2524,0.44530488727887474,0.4436172215461731,2.247972848510742,True,5.88,,,,,,,,,,,,,,,
mnist,64,32,relu,2,pc,12,0.24317358345194945,paper_frozen_table,0.0007071067811865476,937,0.27973333333333333,0.2833,0.4371559716065725,0.4356586341381073,2.23908667678833,True,7.1,,,,,,,,,,,,,,,
mnist,64,32,relu,2,pc,16,0.24317358345194945,paper_frozen_table,0.0007071067811865476,937,0.30405,0.3108,0.4310685215950012,0.42966243577003477,2.2318731006622317,True,8.56,,,,,,,,,,,,,,,
mnist,64,32,relu,2,pc,24,0.24317358345194945,paper_frozen_table,0.0007071067811865476,937,0.33955,0.3429,0.4221091962178548,0.4207497001647949,2.220375538635254,True,11.47,,,,,,,,,,,,,,,
mnist,64,32,relu,2,pc,32,0.24317358345194945,paper_frozen_table,0.0007071067811865476,937,0.36523333333333335,0.3701,0.4152323216120402,0.41380591440200803,2.2106962146759033,True,14.25,,,,,,,,,,,,,,,
mnist,64,32,relu,2,pc,48,0.24317358345194945,paper_frozen_table,0.0007071067811865476,937,0.4025166666666667,0.4088,0.40442519844373065,0.40268823080062865,2.1938280223846434,True,20.08,,,,,,,,,,,,,,,
mnist,64,32,relu,2,pc,64,0.24317358345194945,paper_frozen_table,0.0007071067811865476,937,0.43011666666666665,0.4346,0.39547325625419616,0.3935227256298065,2.1779771408081054,True,28.17,,,,,,,,,,,,,,,
mnist,64,32,relu,2,pc,96,0.24317358345194945,paper_frozen_table,0.0007071067811865476,937,0.46591666666666665,0.4748,0.3820467128912608,0.37965132932662965,2.152908528518677,True,38.02,,,,,,,,,,,,,,,
mnist,64,32,relu,2,pc,128,0.24317358345194945,paper_frozen_table,0.0007071067811865476,937,0.49051666666666666,0.5013,0.3719478474934896,0.36921689367294314,2.133100849914551,True,50.23,512,0.005757972598075867,0.005757972598075867,1,0.017034022137522697,1,1,,0.003838395234197378,0.003838395234197378,1,0.009854389354586601,1,1,
mnist,64,32,relu,2,pc,192,0.24317358345194945,paper_frozen_table,0.0007071067811865476,937,0.5330833333333334,0.5394,0.35623160047531127,0.35329777145385743,2.100601808929443,True,72.3,,,,,,,,,,,,,,,
mnist,64,32,relu,2,pc,256,0.24317358345194945,paper_frozen_table,0.0007071067811865476,937,0.5618,0.5703,0.34444074409802755,0.3413265608787537,2.074864312362671,True,98.03,,,,,,,,,,,,,,,
mnist,64,32,relu,2,pc,384,0.24317358345194945,paper_frozen_table,0.0007071067811865476,937,0.6242666666666666,0.6332,0.31454344914754234,0.3101713538169861,2.0159831439971923,True,142.8,,,,,,,,,,,,,,,
mnist,64,32,relu,2,pc,512,0.24317358345194945,paper_frozen_table,0.0007071067811865476,937,0.7920666666666667,0.8077,0.22183592537244162,0.2158361144542694,1.842947952270508,True,187.56,,,,,,,,,,,,,,,
mnist,64,32,relu,2,pc,768,0.24317358345194945,paper_frozen_table,0.0007071067811865476,937,0.8312333333333334,0.8437,0.1934231262365977,0.18813205046653747,1.7830647445678711,True,286.15,,,,,,,,,,,,,,,
mnist,64,32,relu,2,pc,1024,0.24317358345194945,paper_frozen_table,0.0007071067811865476,937,0.8316166666666667,0.8435,0.19311963055133818,0.18783324387073516,1.7732263988494874,True,387.11,,,,,,,,,,,,,,,
mnist,64,32,relu,2,pcalm,1,0.24317358345194945,paper_frozen_table,0.0007071067811865476,937,0.17038333333333333,0.1816,0.4782300141175588,0.47546194133758546,2.278714890670776,True,4.08,,,,,,,,,,,,,,,
mnist,64,32,relu,2,pcalm,2,0.24317358345194945,paper_frozen_table,0.0007071067811865476,937,0.1794,0.191,0.4716683257420858,0.469096666431427,2.2734405380249023,True,4.12,,,,,,,,,,,,,,,
mnist,64,32,relu,2,pcalm,3,0.24317358345194945,paper_frozen_table,0.0007071067811865476,937,0.19131666666666666,0.2013,0.46535850184758504,0.4630133113861084,2.268007481384277,True,5.11,,,,,,,,,,,,,,,
mnist,64,32,relu,2,pcalm,4,0.24317358345194945,paper_frozen_table,0.0007071067811865476,937,0.20415,0.2121,0.45949476108551024,0.45736062788963316,2.2625608795166015,True,5.8,,,,,,,,,,,,,,,
mnist,64,32,relu,2,pcalm,6,0.24317358345194945,paper_frozen_table,0.0007071067811865476,937,0.23546666666666666,0.2387,0.4488660256067912,0.4471056680679321,2.2522831405639647,True,7.15,,,,,,,,,,,,,,,
mnist,64,32,relu,2,pcalm,8,0.24317358345194945,paper_frozen_table,0.0007071067811865476,937,0.26876666666666665,0.2719,0.4396098060131073,0.4380996034622192,2.24279640045166,True,8.15,,,,,,,,,,,,,,,
mnist,64,32,relu,2,pcalm,12,0.24317358345194945,paper_frozen_table,0.0007071067811865476,937,0.32561666666666667,0.3301,0.42558109232584634,0.42429328565597535,2.226954075241089,True,10.66,,,,,,,,,,,,,,,
mnist,64,32,relu,2,pcalm,16,0.24317358345194945,paper_frozen_table,0.0007071067811865476,937,0.3654,0.3701,0.4153888863881429,0.41407734479904174,2.2141517082214355,True,12.99,,,,,,,,,,,,,,,
mnist,64,32,relu,2,pcalm,24,0.24317358345194945,paper_frozen_table,0.0007071067811865476,937,0.42256666666666665,0.4291,0.39789922712643944,0.3962618497848511,2.1885965660095215,True,17.57,,,,,,,,,,,,,,,
mnist,64,32,relu,2,pcalm,32,0.24317358345194945,paper_frozen_table,0.0007071067811865476,937,0.46341666666666664,0.4725,0.38235315736134845,0.3804835475921631,2.16341893157959,True,21.99,,,,,,,,,,,,,,,
mnist,64,32,relu,2,pcalm,48,0.24317358345194945,paper_frozen_table,0.0007071067811865476,937,0.5242666666666667,0.5332,0.35745738655726117,0.35515319957733155,2.120656580352783,True,32.89,,,,,,,,,,,,,,,
mnist,64,32,relu,2,pcalm,64,0.24317358345194945,paper_frozen_table,0.0007071067811865476,937,0.5686,0.5727,0.336682001209259,0.3344540886878967,2.0818386825561523,True,41.35,,,,,,,,,,,,,,,
mnist,64,32,relu,2,pcalm,96,0.24317358345194945,paper_frozen_table,0.0007071067811865476,937,0.8284333333333334,0.834,0.1918673561414083,0.1875646265268326,1.8095577682495116,True,60.02,,,,,,,,,,,,,,,
mnist,64,32,relu,2,pcalm,128,0.24317358345194945,paper_frozen_table,0.0007071067811865476,937,0.83215,0.841,0.19215692005952198,0.18713978486061097,1.8080539236068724,True,77.54,512,0.005757972598075867,0.00036238247412256896,358,0.0004266000469215214,1,1,9,0.00169332732912153,0.000175837121787481,361,0.0002454910718370229,1,1,1
mnist,64,32,relu,2,pcalm,192,0.24317358345194945,paper_frozen_table,0.0007071067811865476,937,0.8311,0.8398,0.18846482130686443,0.18446748819351197,1.8023890254974366,True,116.84,,,,,,,,,,,,,,,
mnist,64,32,relu,2,pcalm,256,0.24317358345194945,paper_frozen_table,0.0007071067811865476,937,0.841,0.8474,0.1823958551565806,0.17841453528404236,1.7894826965332031,True,153.17,,,,,,,,,,,,,,,
mnist,64,32,relu,2,pcalm,384,0.24317358345194945,paper_frozen_table,0.0007071067811865476,937,0.8232,0.8351,0.19071971872647603,0.1869787075996399,1.8001720640182495,True,221.7,,,,,,,,,,,,,,,
mnist,64,32,relu,2,pcalm,512,0.24317358345194945,paper_frozen_table,0.0007071067811865476,937,0.79805,0.8051,0.20421372400919596,0.20122058143615723,1.8256195388793945,True,296.69,,,,,,,,,,,,,,,
mnist,64,32,relu,2,pcalm,768,0.24317358345194945,paper_frozen_table,0.0007071067811865476,937,0.77355,0.7844,0.22823909238974252,0.22458602569103242,1.8874362545013428,True,456.59,,,,,,,,,,,,,,,
mnist,64,32,relu,2,pcalm,1024,0.24317358345194945,paper_frozen_table,0.0007071067811865476,937,0.7999333333333334,0.8122,0.21334310684204102,0.2089032527446747,1.8521537586212158,True,772.4,,,,,,,,,,,,,,,
mnist,64,32,relu,3,bp,0,0.24317358345194945,paper_frozen_table,0.0007071067811865476,937,0.8340833333333333,0.8425,0.18024195325374603,0.17613797507286072,1.7773789600372314,True,2.95,,,,,,,,,,,,,,,
mnist,64,32,relu,3,pc,1,0.24317358345194945,paper_frozen_table,0.0007071067811865476,937,0.24203333333333332,0.2407,0.44130346784591673,0.4417551298618317,2.256893820953369,True,3.6,,,,,,,,,,,,,,,
mnist,64,32,relu,3,pc,2,0.24317358345194945,paper_frozen_table,0.0007071067811865476,937,0.2591,0.2585,0.43545209705034893,0.4358097787857056,2.2503442504882814,True,3.87,,,,,,,,,,,,,,,
mnist,64,32,relu,3,pc,3,0.24317358345194945,paper_frozen_table,0.0007071067811865476,937,0.27703333333333335,0.2798,0.4301207721710205,0.4303460433959961,2.2440884750366212,True,4.46,,,,,,,,,,,,,,,
mnist,64,32,relu,3,pc,4,0.24317358345194945,paper_frozen_table,0.0007071067811865476,937,0.2953,0.2984,0.42548291721343995,0.4255594062805176,2.2383898918151854,True,4.93,,,,,,,,,,,,,,,
mnist,64,32,relu,3,pc,6,0.24317358345194945,paper_frozen_table,0.0007071067811865476,937,0.3258666666666667,0.3265,0.41862850159009296,0.4185098327636719,2.2295735935211183,True,5.06,,,,,,,,,,,,,,,
mnist,64,32,relu,3,pc,8,0.24317358345194945,paper_frozen_table,0.0007071067811865476,937,0.3454,0.3466,0.41416604965527853,0.4138842453956604,2.223404284286499,True,5.65,,,,,,,,,,,,,,,
mnist,64,32,relu,3,pc,12,0.24317358345194945,paper_frozen_table,0.0007071067811865476,937,0.3726333333333333,0.3783,0.40764234784444175,0.40707978267669676,2.213735655975342,True,7.04,,,,,,,,,,,,,,,
mnist,64,32,relu,3,pc,16,0.24317358345194945,paper_frozen_table,0.0007071067811865476,937,0.39295,0.4011,0.40275835750897726,0.401977827835083,2.205991371154785,True,8.55,,,,,,,,,,,,,,,
mnist,64,32,relu,3,pc,24,0.24317358345194945,paper_frozen_table,0.0007071067811865476,937,0.4195833333333333,0.429,0.39542470382054645,0.3943743393421173,2.193717565917969,True,11.44,,,,,,,,,,,,,,,
mnist,64,32,relu,3,pc,32,0.24317358345194945,paper_frozen_table,0.0007071067811865476,937,0.43715,0.4451,0.38959958570798237,0.38839536666870117,2.1832516792297363,True,14.75,,,,,,,,,,,,,,,
mnist,64,32,relu,3,pc,48,0.24317358345194945,paper_frozen_table,0.0007071067811865476,937,0.46091666666666664,0.4698,0.38056122806866965,0.379226434469223,2.1660163761138915,True,21.09,,,,,,,,,,,,,,,
mnist,64,32,relu,3,pc,64,0.24317358345194945,paper_frozen_table,0.0007071067811865476,937,0.4782166666666667,0.4862,0.3736328828016917,0.37230970644950867,2.1520849029541016,True,26.64,,,,,,,,,,,,,,,
mnist,64,32,relu,3,pc,96,0.24317358345194945,paper_frozen_table,0.0007071067811865476,937,0.5021833333333333,0.5087,0.3637123785336812,0.362477339553833,2.131349300003052,True,38.08,,,,,,,,,,,,,,,
mnist,64,32,relu,3,pc,128,0.24317358345194945,paper_frozen_table,0.0007071067811865476,937,0.5199833333333334,0.5254,0.3562582784811656,0.35511698150634763,2.1154523162841796,True,50.28,512,0.005310957785695791,0.005310957785695791,1,0.015359488315880299,1,1,,0.0033013708889484406,0.0033013708889484406,1,0.009132967330515385,1,1,
mnist,64,32,relu,3,pc,192,0.24317358345194945,paper_frozen_table,0.0007071067811865476,937,0.5515833333333333,0.5576,0.34345946544011435,0.34234176907539365,2.086343064880371,True,75.41,,,,,,,,,,,,,,,
mnist,64,32,relu,3,pc,256,0.24317358345194945,paper_frozen_table,0.0007071067811865476,937,0.5775333333333333,0.5855,0.3335051619211833,0.3320466910839081,2.0626486625671387,True,99.68,,,,,,,,,,,,,,,
mnist,64,32,relu,3,pc,384,0.24317358345194945,paper_frozen_table,0.0007071067811865476,937,0.6269,0.6391,0.3118593926270803,0.30931236884593966,2.014076115989685,True,139.06,,,,,,,,,,,,,,,
mnist,64,32,relu,3,pc,512,0.24317358345194945,paper_frozen_table,0.0007071067811865476,937,0.7862166666666667,0.7934,0.22410097217559816,0.21955812001228334,1.8445205055236817,True,191.09,,,,,,,,,,,,,,,
mnist,64,32,relu,3,pc,768,0.24317358345194945,paper_frozen_table,0.0007071067811865476,937,0.82425,0.8305,0.19260462741057077,0.18778222725391389,1.7801418800354003,True,281.9,,,,,,,,,,,,,,,
mnist,64,32,relu,3,pc,1024,0.24317358345194945,paper_frozen_table,0.0007071067811865476,937,0.8244833333333333,0.8311,0.1928375649690628,0.1879279550075531,1.771987168121338,True,385.06,,,,,,,,,,,,,,,
mnist,64,32,relu,3,pcalm,1,0.24317358345194945,paper_frozen_table,0.0007071067811865476,937,0.24203333333333332,0.2407,0.44130346784591673,0.4417551298618317,2.256893820953369,True,3.47,,,,,,,,,,,,,,,
mnist,64,32,relu,3,pcalm,2,0.24317358345194945,paper_frozen_table,0.0007071067811865476,937,0.25905,0.259,0.4354466535568237,0.43580608768463136,2.25037269859314,True,3.75,,,,,,,,,,,,,,,
mnist,64,32,relu,3,pcalm,3,0.24317358345194945,paper_frozen_table,0.0007071067811865476,937,0.27721666666666667,0.2795,0.43007191060384115,0.43029384756088257,2.244179565048218,True,5.05,,,,,,,,,,,,,,,
mnist,64,32,relu,3,pcalm,4,0.24317358345194945,paper_frozen_table,0.0007071067811865476,937,0.2959,0.2994,0.42530254592895506,0.42537307686805725,2.2384255142211913,True,6.41,,,,,,,,,,,,,,,
mnist,64,32,relu,3,pcalm,6,0.24317358345194945,paper_frozen_table,0.0007071067811865476,937,0.3341166666666667,0.3352,0.4168321224848429,0.4166485652923584,2.2275703269958496,True,8.08,,,,,,,,,,,,,,,
mnist,64,32,relu,3,pcalm,8,0.24317358345194945,paper_frozen_table,0.0007071067811865476,937,0.36716666666666664,0.371,0.40920571098327635,0.40872875719070434,2.2169700046539305,True,8.23,,,,,,,,,,,,,,,
mnist,64,32,relu,3,pcalm,12,0.24317358345194945,paper_frozen_table,0.0007071067811865476,937,0.4125666666666667,0.421,0.3980426974137624,0.3970993502140045,2.1999962268829347,True,10.3,,,,,,,,,,,,,,,
mnist,64,32,relu,3,pcalm,16,0.24317358345194945,paper_frozen_table,0.0007071067811865476,937,0.43866666666666665,0.4484,0.38943178238868714,0.38825989146232603,2.18584453163147,True,12.58,,,,,,,,,,,,,,,
mnist,64,32,relu,3,pcalm,24,0.24317358345194945,paper_frozen_table,0.0007071067811865476,937,0.4756666666666667,0.4826,0.3748817872683207,0.37361978244781496,2.1595290031433105,True,17.6,,,,,,,,,,,,,,,
mnist,64,32,relu,3,pcalm,32,0.24317358345194945,paper_frozen_table,0.0007071067811865476,937,0.5024666666666666,0.5092,0.3641788818995158,0.3629683094024658,2.139845066070557,True,22.88,,,,,,,,,,,,,,,
mnist,64,32,relu,3,pcalm,48,0.24317358345194945,paper_frozen_table,0.0007071067811865476,937,0.5445666666666666,0.5515,0.3467056023756663,0.3455942679405212,2.1083507331848144,True,31.93,,,,,,,,,,,,,,,
mnist,64,32,relu,3,pcalm,64,0.24317358345194945,paper_frozen_table,0.0007071067811865476,937,0.5865166666666667,0.5934,0.33023432569503786,0.3288709725856781,2.0771953842163087,True,40.43,,,,,,,,,,,,,,,
mnist,64,32,relu,3,pcalm,96,0.24317358345194945,paper_frozen_table,0.0007071067811865476,937,0.8175666666666667,0.8238,0.19284297586282095,0.18908386161327362,1.8105169189453125,True,60.21,,,,,,,,,,,,,,,
mnist,64,32,relu,3,pcalm,128,0.24317358345194945,paper_frozen_table,0.0007071067811865476,937,0.8208166666666666,0.8258,0.19218336984316509,0.1880091538667679,1.8100085165023803,True,79.75,512,0.005310957785695791,0.0003627423429861665,363,0.00042821397073566914,1,1,7,0.001546459156088531,0.00018921983428299427,490,0.00020081567345187068,1,1,1
mnist,64,32,relu,3,pcalm,192,0.24317358345194945,paper_frozen_table,0.0007071067811865476,937,0.8285666666666667,0.8328,0.18354438792069752,0.17894744615554808,1.788837186050415,True,115.26,,,,,,,,,,,,,,,
mnist,64,32,relu,3,pcalm,256,0.24317358345194945,paper_frozen_table,0.0007071067811865476,937,0.8288666666666666,0.8357,0.18378232014973958,0.1792344575881958,1.7846098224639892,True,153.09,,,,,,,,,,,,,,,
mnist,64,32,relu,3,pcalm,384,0.24317358345194945,paper_frozen_table,0.0007071067811865476,937,0.8248,0.8305,0.18833802178700765,0.18391658272743225,1.7873759429931642,True,231.78,,,,,,,,,,,,,,,
mnist,64,32,relu,3,pcalm,512,0.24317358345194945,paper_frozen_table,0.0007071067811865476,937,0.7953333333333333,0.8025,0.1959686662197113,0.19275595722198485,1.808231643486023,True,307.57,,,,,,,,,,,,,,,
mnist,64,32,relu,3,pcalm,768,0.24317358345194945,paper_frozen_table,0.0007071067811865476,937,0.79665,0.8045,0.21026625351111095,0.20664851002693177,1.8421159839630128,True,732.78,,,,,,,,,,,,,,,
mnist,64,32,relu,3,pcalm,1024,0.24317358345194945,paper_frozen_table,0.0007071067811865476,937,0.7849833333333334,0.7972,0.22886913373470305,0.22421044738292695,1.8851768920898437,True,1902.55,,,,,,,,,,,,,,,
mnist,64,32,relu,4,bp,0,0.24317358345194945,paper_frozen_table,0.0007071067811865476,937,0.8322666666666667,0.844,0.17925500764052074,0.17361582086086272,1.7728491727828979,True,2.93,,,,,,,,,,,,,,,
mnist,64,32,relu,4,pc,1,0.24317358345194945,paper_frozen_table,0.0007071067811865476,937,0.2712333333333333,0.2764,0.4459359090169271,0.44473609571456907,2.2557501266479494,True,3.43,,,,,,,,,,,,,,,
mnist,64,32,relu,4,pc,2,0.24317358345194945,paper_frozen_table,0.0007071067811865476,937,0.28465,0.2888,0.44133625407218935,0.4401464600563049,2.2513734477996827,True,3.48,,,,,,,,,,,,,,,
mnist,64,32,relu,4,pc,3,0.24317358345194945,paper_frozen_table,0.0007071067811865476,937,0.2999833333333333,0.3038,0.43686939152081805,0.4356381390571594,2.2467664726257324,True,3.84,,,,,,,,,,,,,,,
mnist,64,32,relu,4,pc,4,0.24317358345194945,paper_frozen_table,0.0007071067811865476,937,0.3156333333333333,0.3161,0.4324387581507365,0.4311276125907898,2.241775662994385,True,3.99,,,,,,,,,,,,,,,
mnist,64,32,relu,4,pc,6,0.24317358345194945,paper_frozen_table,0.0007071067811865476,937,0.33915,0.3415,0.4252453177134196,0.4237799121379852,2.232919570159912,True,4.91,,,,,,,,,,,,,,,
mnist,64,32,relu,4,pc,8,0.24317358345194945,paper_frozen_table,0.0007071067811865476,937,0.3561,0.3581,0.42022158104578655,0.4186240232467651,2.2262353721618653,True,5.6,,,,,,,,,,,,,,,
mnist,64,32,relu,4,pc,12,0.24317358345194945,paper_frozen_table,0.0007071067811865476,937,0.37905,0.3804,0.4121896957397461,0.41035762114524843,2.2147044094085695,True,7.18,,,,,,,,,,,,,,,
mnist,64,32,relu,4,pc,16,0.24317358345194945,paper_frozen_table,0.0007071067811865476,937,0.39463333333333334,0.3994,0.4056828226407369,0.4036265009403229,2.204637116241455,True,8.51,,,,,,,,,,,,,,,
mnist,64,32,relu,4,pc,24,0.24317358345194945,paper_frozen_table,0.0007071067811865476,937,0.4206666666666667,0.4256,0.3954249632835388,0.3929537673950195,2.1873388610839846,True,11.16,,,,,,,,,,,,,,,
mnist,64,32,relu,4,pc,32,0.24317358345194945,paper_frozen_table,0.0007071067811865476,937,0.4406833333333333,0.4471,0.3874455925623576,0.38457314739227294,2.172578966140747,True,14.23,,,,,,,,,,,,,,,
mnist,64,32,relu,4,pc,48,0.24317358345194945,paper_frozen_table,0.0007071067811865476,937,0.47101666666666664,0.4774,0.376135525226593,0.37274798974990847,2.1499219367980955,True,20.51,,,,,,,,,,,,,,,
mnist,64,32,relu,4,pc,64,0.24317358345194945,paper_frozen_table,0.0007071067811865476,937,0.49093333333333333,0.5018,0.3683973383267721,0.364672741317749,2.1327760250091554,True,26.59,,,,,,,,,,,,,,,
mnist,64,32,relu,4,pc,96,0.24317358345194945,paper_frozen_table,0.0007071067811865476,937,0.5196666666666667,0.5326,0.3583644999821981,0.3540252121925354,2.1095363288879394,True,39.5,,,,,,,,,,,,,,,
mnist,64,32,relu,4,pc,128,0.24317358345194945,paper_frozen_table,0.0007071067811865476,937,0.5369833333333334,0.551,0.35161426197687784,0.34682292251586916,2.0929855644226074,True,51.44,512,0.004441359546035528,0.004441359546035528,1,0.01292941253632307,1,1,,0.0035936562344431877,0.0035936562344431877,1,0.009406903758645058,1,1,
mnist,64,32,relu,4,pc,192,0.24317358345194945,paper_frozen_table,0.0007071067811865476,937,0.5593833333333333,0.5741,0.34244099450111387,0.33711873021125793,2.0688123123168944,True,74.88,,,,,,,,,,,,,,,
mnist,64,32,relu,4,pc,256,0.24317358345194945,paper_frozen_table,0.0007071067811865476,937,0.5752666666666667,0.5923,0.33599307810465495,0.3302999388217926,2.050864097595215,True,96.45,,,,,,,,,,,,,,,
mnist,64,32,relu,4,pc,384,0.24317358345194945,paper_frozen_table,0.0007071067811865476,937,0.6233666666666666,0.6399,0.317638160832723,0.3111672700881958,2.009929182052612,True,147.26,,,,,,,,,,,,,,,
mnist,64,32,relu,4,pc,512,0.24317358345194945,paper_frozen_table,0.0007071067811865476,937,0.77425,0.7892,0.2351870987256368,0.22751288137435913,1.8571358734130858,True,193.45,,,,,,,,,,,,,,,
mnist,64,32,relu,4,pc,768,0.24317358345194945,paper_frozen_table,0.0007071067811865476,937,0.81345,0.8236,0.2098462872425715,0.2024383554458618,1.805629236984253,True,291.61,,,,,,,,,,,,,,,
mnist,64,32,relu,4,pc,1024,0.24317358345194945,paper_frozen_table,0.0007071067811865476,937,0.8129833333333333,0.8224,0.21160750646591187,0.20457157838344575,1.7993286884307862,True,950.51,,,,,,,,,,,,,,,
mnist,64,32,relu,4,pcalm,1,0.24317358345194945,paper_frozen_table,0.0007071067811865476,937,0.2712333333333333,0.2764,0.4459359090169271,0.44473609571456907,2.2557501266479494,True,3.58,,,,,,,,,,,,,,,
mnist,64,32,relu,4,pcalm,2,0.24317358345194945,paper_frozen_table,0.0007071067811865476,937,0.28455,0.2883,0.44144867836634316,0.44028110938072207,2.251533144378662,True,3.93,,,,,,,,,,,,,,,
mnist,64,32,relu,4,pcalm,3,0.24317358345194945,paper_frozen_table,0.0007071067811865476,937,0.2997666666666667,0.3039,0.436851256497701,0.4356265128135681,2.246897373199463,True,5.01,,,,,,,,,,,,,,,
mnist,64,32,relu,4,pcalm,4,0.24317358345194945,paper_frozen_table,0.0007071067811865476,937,0.316,0.3175,0.43226295142173765,0.4309653670310974,2.241831424713135,True,5.95,,,,,,,,,,,,,,,
mnist,64,32,relu,4,pcalm,6,0.24317358345194945,paper_frozen_table,0.0007071067811865476,937,0.34715,0.3479,0.4230189019997915,0.4215392614364624,2.230493746185303,True,7.02,,,,,,,,,,,,,,,
mnist,64,32,relu,4,pcalm,8,0.24317358345194945,paper_frozen_table,0.0007071067811865476,937,0.3740833333333333,0.3759,0.4137788427829742,0.41206020526885984,2.2180381202697754,True,8.09,,,,,,,,,,,,,,,
mnist,64,32,relu,4,pcalm,12,0.24317358345194945,paper_frozen_table,0.0007071067811865476,937,0.41195,0.4189,0.39858108383814495,0.39638232893943787,2.1952044063568117,True,10.85,,,,,,,,,,,,,,,
mnist,64,32,relu,4,pcalm,16,0.24317358345194945,paper_frozen_table,0.0007071067811865476,937,0.44256666666666666,0.4492,0.3864161194165548,0.3836559021949768,2.174433582687378,True,12.8,,,,,,,,,,,,,,,
mnist,64,32,relu,4,pcalm,24,0.24317358345194945,paper_frozen_table,0.0007071067811865476,937,0.48606666666666665,0.4982,0.36880114994049074,0.36534595255851743,2.1412309249877928,True,17.37,,,,,,,,,,,,,,,
mnist,64,32,relu,4,pcalm,32,0.24317358345194945,paper_frozen_table,0.0007071067811865476,937,0.51715,0.5293,0.35705631362597146,0.3532147401809692,2.1181109733581542,True,21.62,,,,,,,,,,,,,,,
mnist,64,32,relu,4,pcalm,48,0.24317358345194945,paper_frozen_table,0.0007071067811865476,937,0.55215,0.5629,0.3420609454790751,0.3378855399131775,2.0874192031860352,True,31.26,,,,,,,,,,,,,,,
mnist,64,32,relu,4,pcalm,64,0.24317358345194945,paper_frozen_table,0.0007071067811865476,937,0.5831833333333334,0.5974,0.3287351956049601,0.3241458213329315,2.061524828720093,True,40.86,,,,,,,,,,,,,,,
mnist,64,32,relu,4,pcalm,96,0.24317358345194945,paper_frozen_table,0.0007071067811865476,937,0.80765,0.8193,0.2025382750829061,0.19658897755146026,1.8191503070831299,True,59.96,,,,,,,,,,,,,,,
mnist,64,32,relu,4,pcalm,128,0.24317358345194945,paper_frozen_table,0.0007071067811865476,937,0.8079666666666667,0.817,0.2043117834488551,0.19841575870513917,1.8252136880874634,True,79.11,512,0.004441359546035528,0.0003047572972718626,340,0.0003659403882920742,1,1,5,0.0014396636979654431,0.00018162454944103956,362,0.0001939951762324199,1,1,1
mnist,64,32,relu,4,pcalm,192,0.24317358345194945,paper_frozen_table,0.0007071067811865476,937,0.8274166666666667,0.8404,0.188070635954539,0.18218084530830383,1.7939753131866456,True,115.57,,,,,,,,,,,,,,,
mnist,64,32,relu,4,pcalm,256,0.24317358345194945,paper_frozen_table,0.0007071067811865476,937,0.8310166666666666,0.8421,0.18581034662723542,0.17935877428054808,1.7848833969116211,True,154.32,,,,,,,,,,,,,,,
mnist,64,32,relu,4,pcalm,384,0.24317358345194945,paper_frozen_table,0.0007071067811865476,937,0.8266833333333333,0.8379,0.19346573050816854,0.18836854164600372,1.804622013282776,True,227.11,,,,,,,,,,,,,,,
mnist,64,32,relu,4,pcalm,512,0.24317358345194945,paper_frozen_table,0.0007071067811865476,937,0.8003833333333333,0.8083,0.20036715126037596,0.19605809893608092,1.8107863338470458,True,311.35,,,,,,,,,,,,,,,
mnist,64,32,relu,4,pcalm,768,0.24317358345194945,paper_frozen_table,0.0007071067811865476,937,0.80445,0.8168,0.20968900944391886,0.20500637335777283,1.8397878185272216,True,1253.5,,,,,,,,,,,,,,,
mnist,64,32,relu,4,pcalm,1024,0.24317358345194945,paper_frozen_table,0.0007071067811865476,937,0.7931166666666667,0.8081,0.22439419322013854,0.2196453337907791,1.8822203023910522,True,1504.25,,,,,,,,,,,,,,,
mnist,8,32,relu,0,bp,0,0.20946498830877153,paper_frozen_table,0.002,937,0.88975,0.8926,0.1304670367916425,0.1284877061367035,1.6912552612304688,True,1.85,,,,,,,,,,,,,,,
mnist,8,32,relu,0,pc,1,0.20946498830877153,paper_frozen_table,0.002,937,0.4881,0.5004,0.3680389967918396,0.364927233505249,2.1517284130096437,True,1.82,,,,,,,,,,,,,,,
mnist,8,32,relu,0,pc,2,0.20946498830877153,paper_frozen_table,0.002,937,0.5502333333333334,0.5611,0.34235950485865274,0.3387653491973877,2.0995434688568113,True,1.14,,,,,,,,,,,,,,,
mnist,8,32,relu,0,pc,3,0.20946498830877153,paper_frozen_table,0.002,937,0.5945333333333334,0.6059,0.32396514377593993,0.3199578794956207,2.062255211639404,True,1.2,,,,,,,,,,,,,,,
mnist,8,32,relu,0,pc,4,0.20946498830877153,paper_frozen_table,0.002,937,0.6232833333333333,0.6327,0.30922275416056316,0.3052197774410248,2.0339654304504395,True,1.25,,,,,,,,,,,,,,,
mnist,8,32,relu,0,pc,6,0.20946498830877153,paper_frozen_table,0.002,937,0.65045,0.6581,0.29061272706985475,0.2864361243247986,1.9961848281860353,True,1.37,,,,,,,,,,,,,,,
mnist,8,32,relu,0,pc,8,0.20946498830877153,paper_frozen_table,0.002,937,0.8649666666666667,0.8728,0.15361238502661387,0.15110337438583374,1.7343169105529785,True,1.59,,,,,,,,,,,,,,,
mnist,8,32,relu,0,pc,12,0.20946498830877153,paper_frozen_table,0.002,937,0.8853,0.8907,0.13354606387615203,0.13118834204673768,1.6967372327804566,True,1.63,,,,,,,,,,,,,,,
mnist,8,32,relu,0,pc,16,0.20946498830877153,paper_frozen_table,0.002,937,0.8853166666666666,0.8903,0.1335733039776484,0.13120818564891815,1.6969298805236817,True,1.84,512,0.005380891729146242,0.005380891729146242,1,0.02481354959309101,1,1,,0.0009616183815523982,0.0009616183815523982,1,0.008866866119205952,1,1,1
mnist,8,32,relu,0,pc,24,0.20946498830877153,paper_frozen_table,0.002,937,0.8845833333333334,0.8902,0.13402479690710703,0.13158037207126616,1.698448120880127,True,2.08,,,,,,,,,,,,,,,
mnist,8,32,relu,0,pc,32,0.20946498830877153,paper_frozen_table,0.002,937,0.8841333333333333,0.889,0.13471624576250713,0.13216225833892822,1.6979796958923339,True,2.6,,,,,,,,,,,,,,,
mnist,8,32,relu,0,pcalm,1,0.20946498830877153,paper_frozen_table,0.002,937,0.4881,0.5004,0.3680389967918396,0.364927233505249,2.1517284130096437,True,1.66,,,,,,,,,,,,,,,
mnist,8,32,relu,0,pcalm,2,0.20946498830877153,paper_frozen_table,0.002,937,0.5502166666666667,0.5605,0.34249300451278686,0.3388704411506653,2.099691120147705,True,1.29,,,,,,,,,,,,,,,
mnist,8,32,relu,0,pcalm,3,0.20946498830877153,paper_frozen_table,0.002,937,0.5930833333333333,0.604,0.32451488558451336,0.32052193994522094,2.0639016448974608,True,1.39,,,,,,,,,,,,,,,
mnist,8,32,relu,0,pcalm,4,0.20946498830877153,paper_frozen_table,0.002,937,0.6207333333333334,0.6314,0.3095147534370422,0.3055812170982361,2.0356299659729005,True,1.33,,,,,,,,,,,,,,,
mnist,8,32,relu,0,pcalm,6,0.20946498830877153,paper_frozen_table,0.002,937,0.6521666666666667,0.6604,0.28679567654927574,0.2823561496257782,1.9898169910430907,True,1.59,,,,,,,,,,,,,,,
mnist,8,32,relu,0,pcalm,8,0.20946498830877153,paper_frozen_table,0.002,937,0.88765,0.8927,0.13173956777254742,0.12947233433723448,1.6943978584289552,True,1.64,,,,,,,,,,,,,,,
mnist,8,32,relu,0,pcalm,12,0.20946498830877153,paper_frozen_table,0.002,937,0.8834,0.8884,0.13514666569232942,0.13296192548274993,1.7020574710845948,True,2.1,,,,,,,,,,,,,,,
mnist,8,32,relu,0,pcalm,16,0.20946498830877153,paper_frozen_table,0.002,937,0.8808333333333334,0.8858,0.13889097670316697,0.13647361345291137,1.7100718212127686,True,2.13,512,0.005380891729146242,0.0007559835212305188,467,0.0008348740520887077,1,1,10,0.0009731303434818983,0.00020428982679732144,469,0.00020958187815267593,1,1,1
mnist,8,32,relu,0,pcalm,24,0.20946498830877153,paper_frozen_table,0.002,937,0.88585,0.8909,0.13706632556915282,0.1347520557641983,1.7042400211334228,True,2.65,,,,,,,,,,,,,,,
mnist,8,32,relu,0,pcalm,32,0.20946498830877153,paper_frozen_table,0.002,937,0.88755,0.8917,0.13285203868548076,0.1305160049676895,1.6970546073913575,True,3.16,,,,,,,,,,,,,,,
mnist,8,32,relu,1,bp,0,0.20946498830877153,paper_frozen_table,0.002,937,0.8929166666666667,0.8983,0.12892703629334767,0.1255048901438713,1.6854554431915283,True,1.85,,,,,,,,,,,,,,,
mnist,8,32,relu,1,pc,1,0.20946498830877153,paper_frozen_table,0.002,937,0.5507166666666666,0.5604,0.36111945567131043,0.35848177766799927,2.142548799133301,True,1.87,,,,,,,,,,,,,,,
mnist,8,32,relu,1,pc,2,0.20946498830877153,paper_frozen_table,0.002,937,0.5911666666666666,0.6039,0.34054432655970257,0.33669032444953917,2.096406231689453,True,1.23,,,,,,,,,,,,,,,
mnist,8,32,relu,1,pc,3,0.20946498830877153,paper_frozen_table,0.002,937,0.61575,0.6253,0.3260875325679779,0.3217642719745636,2.0657178680419923,True,1.35,,,,,,,,,,,,,,,
mnist,8,32,relu,1,pc,4,0.20946498830877153,paper_frozen_table,0.002,937,0.6376666666666667,0.6525,0.3107026461919149,0.3060812735557556,2.035093745803833,True,1.4,,,,,,,,,,,,,,,
mnist,8,32,relu,1,pc,6,0.20946498830877153,paper_frozen_table,0.002,937,0.6744166666666667,0.6861,0.2887626608053843,0.2840079939842224,1.9904101739883422,True,1.22,,,,,,,,,,,,,,,
mnist,8,32,relu,1,pc,8,0.20946498830877153,paper_frozen_table,0.002,937,0.86285,0.8701,0.15859392104943593,0.1550116003036499,1.7410949062347412,True,1.45,,,,,,,,,,,,,,,
mnist,8,32,relu,1,pc,12,0.20946498830877153,paper_frozen_table,0.002,937,0.8866,0.8937,0.13875344681739807,0.13510129437446594,1.7043437400817871,True,1.94,,,,,,,,,,,,,,,
mnist,8,32,relu,1,pc,16,0.20946498830877153,paper_frozen_table,0.002,937,0.88705,0.8941,0.13981074342727662,0.13605337691307068,1.7072659496307374,True,2.28,512,0.0035792444832623005,0.0035792444832623005,1,0.018146276473999023,1,1,,0.0010370059171691537,0.0010370059171691537,1,0.008959603495895863,1,1,1
mnist,8,32,relu,1,pc,24,0.20946498830877153,paper_frozen_table,0.002,937,0.8838166666666667,0.8907,0.14170928574403127,0.13772763605117797,1.7094655012130737,True,2.09,,,,,,,,,,,,,,,
mnist,8,32,relu,1,pc,32,0.20946498830877153,paper_frozen_table,0.002,937,0.8821,0.8893,0.14285957612991332,0.13877546439170838,1.7099975524902344,True,2.45,,,,,,,,,,,,,,,
mnist,8,32,relu,1,pcalm,1,0.20946498830877153,paper_frozen_table,0.002,937,0.5507166666666666,0.5604,0.36111945567131043,0.35848177766799927,2.142548799133301,True,1.99,,,,,,,,,,,,,,,
mnist,8,32,relu,1,pcalm,2,0.20946498830877153,paper_frozen_table,0.002,937,0.5926333333333333,0.6041,0.34037951380411785,0.3365381152153015,2.096474610900879,True,1.28,,,,,,,,,,,,,,,
mnist,8,32,relu,1,pcalm,3,0.20946498830877153,paper_frozen_table,0.002,937,0.6154833333333334,0.6249,0.3266824738820394,0.32238131194114683,2.0672585342407226,True,1.32,,,,,,,,,,,,,,,
mnist,8,32,relu,1,pcalm,4,0.20946498830877153,paper_frozen_table,0.002,937,0.6384333333333333,0.6521,0.31166917072931927,0.307081676530838,2.0376328577041627,True,1.55,,,,,,,,,,,,,,,
mnist,8,32,relu,1,pcalm,6,0.20946498830877153,paper_frozen_table,0.002,937,0.6813333333333333,0.6936,0.28505660179456077,0.28022614765167236,1.9850170833587646,True,1.61,,,,,,,,,,,,,,,
mnist,8,32,relu,1,pcalm,8,0.20946498830877153,paper_frozen_table,0.002,937,0.8884833333333333,0.8931,0.13461677097479502,0.13131818137168885,1.6994176986694336,True,1.77,,,,,,,,,,,,,,,
mnist,8,32,relu,1,pcalm,12,0.20946498830877153,paper_frozen_table,0.002,937,0.88365,0.8919,0.1422239537159602,0.1382571308851242,1.7146332099914552,True,1.91,,,,,,,,,,,,,,,
mnist,8,32,relu,1,pcalm,16,0.20946498830877153,paper_frozen_table,0.002,937,0.8799833333333333,0.8877,0.14459694757064184,0.1404341497182846,1.7178456321716309,True,2.3,512,0.0035792444832623005,0.0006713946349918842,474,0.0007847105152904987,1,1,5,0.0009453812963329256,0.00017747854872141033,512,0.00017747854872141033,1,1,1
mnist,8,32,relu,1,pcalm,24,0.20946498830877153,paper_frozen_table,0.002,937,0.8805,0.8874,0.14292058701912563,0.13893850710391997,1.7140116279602051,True,3.22,,,,,,,,,,,,,,,
mnist,8,32,relu,1,pcalm,32,0.20946498830877153,paper_frozen_table,0.002,937,0.8913666666666666,0.896,0.1358963670571645,0.1328369814634323,1.700745278739929,True,3.05,,,,,,,,,,,,,,,
mnist,8,32,relu,2,bp,0,0.20946498830877153,paper_frozen_table,0.002,937,0.8887166666666667,0.8926,0.12969127524693808,0.12645096434354783,1.694758952522278,True,2.5,,,,,,,,,,,,,,,
mnist,8,32,relu,2,pc,1,0.20946498830877153,paper_frozen_table,0.002,937,0.5366666666666666,0.5411,0.3578733285109202,0.35621558589935304,2.1304060363769532,True,2.51,,,,,,,,,,,,,,,
mnist,8,32,relu,2,pc,2,0.20946498830877153,paper_frozen_table,0.002,937,0.5833666666666667,0.5867,0.3378273635069529,0.33631106882095335,2.089869675064087,True,1.42,,,,,,,,,,,,,,,
mnist,8,32,relu,2,pc,3,0.20946498830877153,paper_frozen_table,0.002,937,0.6067833333333333,0.615,0.3240235710779826,0.32271299686431887,2.063555118560791,True,1.27,,,,,,,,,,,,,,,
mnist,8,32,relu,2,pc,4,0.20946498830877153,paper_frozen_table,0.002,937,0.6245,0.6309,0.31151750548680623,0.310239067697525,2.0399452548980714,True,1.3,,,,,,,,,,,,,,,
mnist,8,32,relu,2,pc,6,0.20946498830877153,paper_frozen_table,0.002,937,0.6475,0.6522,0.29514898093541464,0.29381597576141355,2.008111547470093,True,1.23,,,,,,,,,,,,,,,
mnist,8,32,relu,2,pc,8,0.20946498830877153,paper_frozen_table,0.002,937,0.86425,0.8699,0.154762504474322,0.1514019736766815,1.7359453020095825,True,1.5,,,,,,,,,,,,,,,
mnist,8,32,relu,2,pc,12,0.20946498830877153,paper_frozen_table,0.002,937,0.88595,0.8927,0.13378025252819062,0.13016755974292754,1.7023701068878174,True,1.61,,,,,,,,,,,,,,,
mnist,8,32,relu,2,pc,16,0.20946498830877153,paper_frozen_table,0.002,937,0.8877666666666667,0.8934,0.13347882835865021,0.12975047641992568,1.7014247722625733,True,2.01,512,0.004030433017760515,0.004030433017760515,1,0.022920936346054077,1,1,,0.001478339429013431,0.001478339429013431,1,0.012041000649333,1,1,1
mnist,8,32,relu,2,pc,24,0.20946498830877153,paper_frozen_table,0.002,937,0.8861666666666667,0.891,0.13485568928321204,0.13098398208618164,1.7027485279083252,True,2.62,,,,,,,,,,,,,,,
mnist,8,32,relu,2,pc,32,0.20946498830877153,paper_frozen_table,0.002,937,0.8852666666666666,0.8914,0.13543112159172693,0.13153192241191863,1.7030328125,True,2.77,,,,,,,,,,,,,,,
mnist,8,32,relu,2,pcalm,1,0.20946498830877153,paper_frozen_table,0.002,937,0.5366666666666666,0.5411,0.3578733285109202,0.35621558589935304,2.1304060363769532,True,1.89,,,,,,,,,,,,,,,
mnist,8,32,relu,2,pcalm,2,0.20946498830877153,paper_frozen_table,0.002,937,0.5837166666666667,0.5875,0.33762369500796,0.33609315185546873,2.0896450660705566,True,1.51,,,,,,,,,,,,,,,
mnist,8,32,relu,2,pcalm,3,0.20946498830877153,paper_frozen_table,0.002,937,0.6056166666666667,0.6143,0.32436994291941323,0.3230679988861084,2.0649060211181642,True,1.68,,,,,,,,,,,,,,,
mnist,8,32,relu,2,pcalm,4,0.20946498830877153,paper_frozen_table,0.002,937,0.6238333333333334,0.6297,0.3117859079996745,0.31052065477371216,2.04149962310791,True,1.51,,,,,,,,,,,,,,,
mnist,8,32,relu,2,pcalm,6,0.20946498830877153,paper_frozen_table,0.002,937,0.653,0.6583,0.2912285416285197,0.2898347354888916,2.002698924064636,True,1.45,,,,,,,,,,,,,,,
mnist,8,32,relu,2,pcalm,8,0.20946498830877153,paper_frozen_table,0.002,937,0.8876666666666667,0.8922,0.13111054658095042,0.1276988710641861,1.6976214469909667,True,1.59,,,,,,,,,,,,,,,
mnist,8,32,relu,2,pcalm,12,0.20946498830877153,paper_frozen_table,0.002,937,0.8855666666666666,0.8909,0.13493320478598278,0.13105301760435104,1.7053919467926026,True,2.01,,,,,,,,,,,,,,,
mnist,8,32,relu,2,pcalm,16,0.20946498830877153,paper_frozen_table,0.002,937,0.88335,0.8892,0.137349506688118,0.13329974851608276,1.7102592885971069,True,2.21,512,0.004030433017760515,0.0009009453351609409,476,0.0009219187195412815,1,1,6,0.0014132456853985786,0.0002975371025968343,479,0.00031174346804618835,1,1,1
mnist,8,32,relu,2,pcalm,24,0.20946498830877153,paper_frozen_table,0.002,937,0.8846666666666667,0.8922,0.13644147322972616,0.1323241647362709,1.7083363998413086,True,3.11,,,,,,,,,,,,,,,
mnist,8,32,relu,2,pcalm,32,0.20946498830877153,paper_frozen_table,0.002,937,0.88705,0.8915,0.1323239987452825,0.12879035288095475,1.7009095289230347,True,3.42,,,,,,,,,,,,,,,
mnist,8,32,relu,3,bp,0,0.20946498830877153,paper_frozen_table,0.002,937,0.88575,0.8871,0.13168884871006012,0.1283179111123085,1.6905833042144776,True,2.03,,,,,,,,,,,,,,,
mnist,8,32,relu,3,pc,1,0.20946498830877153,paper_frozen_table,0.002,937,0.49341666666666667,0.5033,0.368795671304067,0.3666462427139282,2.155478147125244,True,1.78,,,,,,,,,,,,,,,
mnist,8,32,relu,3,pc,2,0.20946498830877153,paper_frozen_table,0.002,937,0.5378166666666667,0.5495,0.34941743238766987,0.3462290711402893,2.114680991744995,True,1.21,,,,,,,,,,,,,,,
mnist,8,32,relu,3,pc,3,0.20946498830877153,paper_frozen_table,0.002,937,0.5695833333333333,0.5853,0.3344535710334778,0.33039632320404055,2.082401527404785,True,1.19,,,,,,,,,,,,,,,
mnist,8,32,relu,3,pc,4,0.20946498830877153,paper_frozen_table,0.002,937,0.59695,0.6112,0.3214329836209615,0.31701833171844485,2.0545739028930665,True,1.68,,,,,,,,,,,,,,,
mnist,8,32,relu,3,pc,6,0.20946498830877153,paper_frozen_table,0.002,937,0.6263,0.6394,0.30405596400896706,0.2991774517536163,2.0193081745147703,True,1.61,,,,,,,,,,,,,,,
mnist,8,32,relu,3,pc,8,0.20946498830877153,paper_frozen_table,0.002,937,0.8615833333333334,0.8642,0.1582326372464498,0.15499304124116897,1.7409730323791504,True,1.45,,,,,,,,,,,,,,,
mnist,8,32,relu,3,pc,12,0.20946498830877153,paper_frozen_table,0.002,937,0.8819333333333333,0.8846,0.13395073324044546,0.13038624699115753,1.6944383975982666,True,1.79,,,,,,,,,,,,,,,
mnist,8,32,relu,3,pc,16,0.20946498830877153,paper_frozen_table,0.002,937,0.8828166666666667,0.8845,0.13351053440570831,0.13015838317871095,1.6935384101867677,True,1.83,512,0.005089917685836554,0.005089917685836554,1,0.02460625395178795,1,1,,0.0012057990534231067,0.0012057990534231067,1,0.010982327163219452,1,1,1
mnist,8,32,relu,3,pc,24,0.20946498830877153,paper_frozen_table,0.002,937,0.8825,0.8855,0.13372073594729106,0.13047952632904053,1.6931952159881591,True,2.71,,,,,,,,,,,,,,,
mnist,8,32,relu,3,pc,32,0.20946498830877153,paper_frozen_table,0.002,937,0.8833333333333333,0.8867,0.13417259186903635,0.13096386663913726,1.6932528049468993,True,2.69,,,,,,,,,,,,,,,
mnist,8,32,relu,3,pcalm,1,0.20946498830877153,paper_frozen_table,0.002,937,0.49341666666666667,0.5033,0.368795671304067,0.3666462427139282,2.155478147125244,True,1.82,,,,,,,,,,,,,,,
mnist,8,32,relu,3,pcalm,2,0.20946498830877153,paper_frozen_table,0.002,937,0.53895,0.5525,0.34908421392440797,0.34584636020660403,2.114164906692505,True,1.21,,,,,,,,,,,,,,,
mnist,8,32,relu,3,pcalm,3,0.20946498830877153,paper_frozen_table,0.002,937,0.5690666666666667,0.5838,0.3346364396572113,0.3306103160858154,2.083404630661011,True,1.41,,,,,,,,,,,,,,,
mnist,8,32,relu,3,pcalm,4,0.20946498830877153,paper_frozen_table,0.002,937,0.5964833333333334,0.611,0.321653231827418,0.317276172876358,2.0558982986450194,True,1.77,,,,,,,,,,,,,,,
mnist,8,32,relu,3,pcalm,6,0.20946498830877153,paper_frozen_table,0.002,937,0.6317333333333334,0.6423,0.3002620701313019,0.2955090843677521,2.014308742904663,True,1.9,,,,,,,,,,,,,,,
mnist,8,32,relu,3,pcalm,8,0.20946498830877153,paper_frozen_table,0.002,937,0.88455,0.8872,0.13385521605014802,0.130340269613266,1.697682512664795,True,1.66,,,,,,,,,,,,,,,
mnist,8,32,relu,3,pcalm,12,0.20946498830877153,paper_frozen_table,0.002,937,0.8817333333333334,0.8855,0.13389854469299317,0.13071871447563171,1.69702624835968,True,2.08,,,,,,,,,,,,,,,
mnist,8,32,relu,3,pcalm,16,0.20946498830877153,paper_frozen_table,0.002,937,0.88185,0.8869,0.13599175341129302,0.1328344318985939,1.7024473903656006,True,2.44,512,0.005089917685836554,0.0011127737816423178,508,0.001136115868575871,1,1,10,0.0011515856022015214,0.000417622912209481,507,0.000519320834428072,1,1,1
mnist,8,32,relu,3,pcalm,24,0.20946498830877153,paper_frozen_table,0.002,937,0.8821666666666667,0.8861,0.13680446959336598,0.1335243564605713,1.7003279251098633,True,3.09,,,,,,,,,,,,,,,
mnist,8,32,relu,3,pcalm,32,0.20946498830877153,paper_frozen_table,0.002,937,0.8832666666666666,0.8844,0.13219162143071492,0.12870000908374787,1.6902005249023437,True,3.45,,,,,,,,,,,,,,,
mnist,8,32,relu,4,bp,0,0.20946498830877153,paper_frozen_table,0.002,937,0.8877,0.8924,0.12909321449200312,0.125234395468235,1.6824505903244018,True,2.2,,,,,,,,,,,,,,,
mnist,8,32,relu,4,pc,1,0.20946498830877153,paper_frozen_table,0.002,937,0.4903,0.4967,0.37058650539716087,0.36866705327033994,2.1604614734649656,True,1.83,,,,,,,,,,,,,,,
mnist,8,32,relu,4,pc,2,0.20946498830877153,paper_frozen_table,0.002,937,0.5427,0.5495,0.3482964746952057,0.3456737675666809,2.111560238647461,True,1.4,,,,,,,,,,,,,,,
mnist,8,32,relu,4,pc,3,0.20946498830877153,paper_frozen_table,0.002,937,0.5888333333333333,0.5979,0.32943422430356345,0.3260825757980347,2.0708780834198,True,1.6,,,,,,,,,,,,,,,
mnist,8,32,relu,4,pc,4,0.20946498830877153,paper_frozen_table,0.002,937,0.6213666666666666,0.6305,0.31363583302497866,0.30975577812194827,2.040390951538086,True,1.4,,,,,,,,,,,,,,,
mnist,8,32,relu,4,pc,6,0.20946498830877153,paper_frozen_table,0.002,937,0.6591,0.6707,0.2931790264129639,0.28869306082725527,2.000118105316162,True,1.42,,,,,,,,,,,,,,,
mnist,8,32,relu,4,pc,8,0.20946498830877153,paper_frozen_table,0.002,937,0.87035,0.8763,0.14918614195982616,0.14468370480537415,1.7203342765808105,True,1.58,,,,,,,,,,,,,,,
mnist,8,32,relu,4,pc,12,0.20946498830877153,paper_frozen_table,0.002,937,0.8880166666666667,0.8962,0.1327117068727811,0.12859451141357423,1.6896543521881104,True,1.74,,,,,,,,,,,,,,,
mnist,8,32,relu,4,pc,16,0.20946498830877153,paper_frozen_table,0.002,937,0.8884333333333333,0.8974,0.13297300477027893,0.12881818113327026,1.6902687774658203,True,2.1,512,0.003974528051912785,0.003974528051912785,1,0.019233528524637222,1,1,,0.001354382373392582,0.001354382373392582,1,0.01089284848421812,1,1,1
mnist,8,32,relu,4,pc,24,0.20946498830877153,paper_frozen_table,0.002,937,0.88715,0.8952,0.13457239779233932,0.13042906334400178,1.6911244300842285,True,2.46,,,,,,,,,,,,,,,
mnist,8,32,relu,4,pc,32,0.20946498830877153,paper_frozen_table,0.002,937,0.8861166666666667,0.8942,0.13547739721536636,0.1313070013999939,1.6918439992904664,True,2.68,,,,,,,,,,,,,,,
mnist,8,32,relu,4,pcalm,1,0.20946498830877153,paper_frozen_table,0.002,937,0.4903,0.4967,0.37058650539716087,0.36866705327033994,2.1604614734649656,True,2.04,,,,,,,,,,,,,,,
mnist,8,32,relu,4,pcalm,2,0.20946498830877153,paper_frozen_table,0.002,937,0.5423666666666667,0.549,0.3485040191491445,0.34593119077682494,2.1122281883239746,True,1.42,,,,,,,,,,,,,,,
mnist,8,32,relu,4,pcalm,3,0.20946498830877153,paper_frozen_table,0.002,937,0.5874,0.5972,0.3299820468902588,0.32667399911880496,2.0726167953491212,True,1.41,,,,,,,,,,,,,,,
mnist,8,32,relu,4,pcalm,4,0.20946498830877153,paper_frozen_table,0.002,937,0.6200833333333333,0.6286,0.3142544426759084,0.31036713247299197,2.0421250160217284,True,1.44,,,,,,,,,,,,,,,
mnist,8,32,relu,4,pcalm,6,0.20946498830877153,paper_frozen_table,0.002,937,0.6635,0.6756,0.2902394349733988,0.28578411254882813,1.9953072795867919,True,1.52,,,,,,,,,,,,,,,
mnist,8,32,relu,4,pcalm,8,0.20946498830877153,paper_frozen_table,0.002,937,0.8902333333333333,0.897,0.1290035624106725,0.12512887375354767,1.6838978187561036,True,2.02,,,,,,,,,,,,,,,
mnist,8,32,relu,4,pcalm,12,0.20946498830877153,paper_frozen_table,0.002,937,0.8876333333333334,0.8966,0.1336057938337326,0.12950523598194122,1.692576219177246,True,2.17,,,,,,,,,,,,,,,
mnist,8,32,relu,4,pcalm,16,0.20946498830877153,paper_frozen_table,0.002,937,0.88475,0.8934,0.13516302901903787,0.13100542887449265,1.6961884286880493,True,2.33,512,0.003974528051912785,0.0011760119814425707,455,0.0012105307541787624,1,1,6,0.0012263384414836764,0.00026999186957255006,512,0.00026999186957255006,1,1,1
mnist,8,32,relu,4,pcalm,24,0.20946498830877153,paper_frozen_table,0.002,937,0.8859166666666667,0.8953,0.13459939846197763,0.1304244555234909,1.692844441986084,True,2.9,,,,,,,,,,,,,,,
mnist,8,32,relu,4,pcalm,32,0.20946498830877153,paper_frozen_table,0.002,937,0.8844333333333333,0.8875,0.1357612346371015,0.13171636834144593,1.6989323459625245,True,3.57,,,,,,,,,,,,,,,
